"Track URI","Track Name","Artist Name(s)","Album Artist Name(s)","Album Release Date","Album Image URL","Track Preview URL","Added At"
"spotify:track:25LbGPUUXth94zV2np4pl7","Holes","David Dastmalchian","Christophe Beck","2023-02-15","https://i.scdn.co/image/ab67616d0000b27397f0c18df9991d578d52898b","https://p.scdn.co/mp3-preview/a973b7bb944b65148e1343eeb6e8b50a1cae073e?cid=9950ac751e34487dbbe027c4fd7f8e99","2023-02-15T22:09:38Z"
"spotify:track:4IRHwIZHzlHT1FQpRa5RdE","Goodbye Yellow Brick Road - Remastered 2014","Elton John","Elton John","1973-10-05","https://i.scdn.co/image/ab67616d0000b273f72f1e38e9bd48f18a17ed9b","https://p.scdn.co/mp3-preview/2bbb66b8e6b0ffc9d5b0d6be802fabf4053c8a33?cid=9950ac751e34487dbbe027c4fd7f8e99","2023-02-15T22:09:43Z"
"spotify:track:73g4NS55tJFJMI4D4E1RtG","Goodbye Yellow Brick Road (From ""Ant-Man and The Wasp: Quantumania Trailer"") - Epic Version","Geek Music","Geek Music","2022-10-29","https://i.scdn.co/image/ab67616d0000b27349878c5a3cd367ace1d7cfe6","https://p.scdn.co/mp3-preview/7181eff8b7135ed92272a0a94894e1f6739f8151?cid=9950ac751e34487dbbe027c4fd7f8e99","2023-02-15T22:10:01Z"
"spotify:track:02lTDOxHeXTHsdwXoz6lpC","In the Meantime","Spacehog","Spacehog","1995","https://i.scdn.co/image/ab67616d0000b2739511e3a2fc113eae0dd111dd","https://p.scdn.co/mp3-preview/20b0baa4734aebedaf91ce392e0f1f1dd92c106b?cid=9950ac751e34487dbbe027c4fd7f8e99","2023-02-15T22:10:06Z"
"spotify:track:6xq5DxZWGgdStAxGAil0yw","Since You Been Gone","Rainbow","Rainbow","1979-01-01","https://i.scdn.co/image/ab67616d0000b273380a8be605d3765f34ec54f7","https://p.scdn.co/mp3-preview/68ba5cfb36e0c7467b08c9d8c299b29611463989?cid=9950ac751e34487dbbe027c4fd7f8e99","2023-02-15T22:10:10Z"
"spotify:track:2BAlPE15dKMXpB5Trutcak","Theme from ""Quantumania""","Christophe Beck","Christophe Beck","2023-02-15","https://i.scdn.co/image/ab67616d0000b27397f0c18df9991d578d52898b","https://p.scdn.co/mp3-preview/bab75f747051b7736aaebae099494f23f65f5ffb?cid=9950ac751e34487dbbe027c4fd7f8e99","2023-02-15T22:11:24Z"
"spotify:track:250vVY5kuMBVbYGzs6I5G4","Hymenoptera","Christophe Beck","Christophe Beck","2023-02-15","https://i.scdn.co/image/ab67616d0000b27397f0c18df9991d578d52898b","https://p.scdn.co/mp3-preview/a278186a9a70e471169823d265b5d8b710776452?cid=9950ac751e34487dbbe027c4fd7f8e99","2023-02-15T22:12:09Z"
"spotify:track:2pS6zWWQCpO0IVEBIbzJh8","Welcome Back (Theme from Welcome Back, Kotter)","John Sebastian","John Sebastian","1976-01-01","https://i.scdn.co/image/ab67616d0000b2733b681e556f4c9b34b5ef7c1f","https://p.scdn.co/mp3-preview/8b5062cb67040b9ec2fa070a696755ecab71b82f?cid=9950ac751e34487dbbe027c4fd7f8e99","2023-02-16T21:41:30Z"
"spotify:track:0rVd7bTGtrQUW34xSLzozd","Intergalactic","Beastie Boys","Beastie Boys","2005-11-07","https://i.scdn.co/image/ab67616d0000b273ec2b7f0ff68408d5d7a9eb92","https://p.scdn.co/mp3-preview/73d1f41c7a9458d91774786eb9a5c5964a6d49e6?cid=9950ac751e34487dbbe027c4fd7f8e99","2023-04-12T10:41:14Z"
"spotify:track:6JpjIy1M7oxvPJ3uVdUKTe","Creep - Acoustic","Radiohead","Radiohead","1992-09-21","https://i.scdn.co/image/ab67616d0000b2733340ec817b195f40615cc647","https://p.scdn.co/mp3-preview/cf7bcc1b56a3eb087f4d22cb88d60f9317076315?cid=9950ac751e34487dbbe027c4fd7f8e99","2023-05-09T08:13:49Z"
"spotify:track:5zH710lFSLtkHbMkslLDjR","Crazy On You","Heart","Heart","1975","https://i.scdn.co/image/ab67616d0000b2738e8c08ca2feb999bb84f05e6","https://p.scdn.co/mp3-preview/13f1a9cd5da7f84b173572ec4b8817f65bb1432e?cid=9950ac751e34487dbbe027c4fd7f8e99","2023-05-09T08:14:27Z"
"spotify:track:1srD2uc11TcQiOmHHrJp8M","Reasons","Earth\, Wind & Fire","Earth\, Wind & Fire","1975-03-15","https://i.scdn.co/image/ab67616d0000b27330bb42e5271f2e046fd36972","https://p.scdn.co/mp3-preview/69f01c0feb153520d6d2c31ac8b5faea3a197416?cid=9950ac751e34487dbbe027c4fd7f8e99","2023-05-09T08:15:43Z"
"spotify:track:2DFRFqWNahKtFD112H2iEZ","Do You Realize??","The Flaming Lips","The Flaming Lips","2002-05-13","https://i.scdn.co/image/ab67616d0000b273ca69f52416a728ebd0b9103c","https://p.scdn.co/mp3-preview/da9cd601ab876dc33b9c96053f191cc42118d5bd?cid=9950ac751e34487dbbe027c4fd7f8e99","2023-05-09T08:16:40Z"
"spotify:track:2z1uVu3OwTmPlfqt5TWk5k","We Care a Lot","Faith No More","Faith No More","1987-04-23","https://i.scdn.co/image/ab67616d0000b273a5821e8f8ec56a5a84725134","https://p.scdn.co/mp3-preview/1ed8055539a35e07365aa0ed1047db6b4df33c21?cid=9950ac751e34487dbbe027c4fd7f8e99","2023-05-09T08:17:15Z"
"spotify:track:3OP9la2QTA5artehqjFJCp","Koinu no Carnival -From ""Minute Waltz""-","EHAMIC","EHAMIC","2018-10-04","https://i.scdn.co/image/ab67616d0000b273f2829699bddbc5a884027ea1","https://p.scdn.co/mp3-preview/019d69402407fa2c5703539856561a8552518c91?cid=9950ac751e34487dbbe027c4fd7f8e99","2023-05-09T08:17:37Z"
"spotify:track:1JyNPbzE7t1RUsbpiryGHJ","I'm Always Chasing Rainbows","Alice Cooper","Alice Cooper","1976-01-01","https://i.scdn.co/image/ab67616d0000b273f2f4f42443aa30df2252a0ae","https://p.scdn.co/mp3-preview/e1fc12b8b08bed0c52c20eef6bf2b7dcff111b86?cid=9950ac751e34487dbbe027c4fd7f8e99","2023-05-09T08:18:02Z"
"spotify:track:2eQOMQkStoRUQyq6HGh1iG","San Francisco","The Mowgli's","The Mowgli's","2013-01-01","https://i.scdn.co/image/ab67616d0000b2738960122b302fa9b103eb6bf2","https://p.scdn.co/mp3-preview/159a3a0603abbb1763460e24eaf0297a9e893850?cid=9950ac751e34487dbbe027c4fd7f8e99","2023-05-09T08:18:33Z"
"spotify:track:6mDwOKsf8ycyYeBMYmpjCG","Poor Girl","X","X","1983-09-06","https://i.scdn.co/image/ab67616d0000b273beae11d5455133ae02545de0","https://p.scdn.co/mp3-preview/e6872dba53de457a33b776ede3304352fd17c327?cid=9950ac751e34487dbbe027c4fd7f8e99","2023-05-09T08:18:47Z"
"spotify:track:3FjYAj4hg5KiXpVAMjpLKq","This Is the Day","The The","The The","1983-03-13","https://i.scdn.co/image/ab67616d0000b2731bbff7a308778b39fc8c08ba","https://p.scdn.co/mp3-preview/9ce6ef8acaedd38f40da40631c8a244e7243856c?cid=9950ac751e34487dbbe027c4fd7f8e99","2023-05-09T08:19:05Z"
"spotify:track:5qxChyzKLEyoPJ5qGrdurN","No Sleep Till Brooklyn","Beastie Boys","Beastie Boys","1986-11-15","https://i.scdn.co/image/ab67616d0000b273a7ea08ab3914c5fb2084a8ac","https://p.scdn.co/mp3-preview/ef084afd1371d71144f3c0c35e01b6af4e7d074c?cid=9950ac751e34487dbbe027c4fd7f8e99","2023-05-09T08:19:26Z"
"spotify:track:456WNXWhDwYOSf5SpTuqxd","Dog Days Are Over","Florence + The Machine","Florence + The Machine","2009","https://i.scdn.co/image/ab67616d0000b273003f81b1f4246362638e682d","https://p.scdn.co/mp3-preview/f2e9f824fbfb697b53daf131cecc55798baea55e?cid=9950ac751e34487dbbe027c4fd7f8e99","2023-05-09T08:19:43Z"
"spotify:track:0M1YQiRGel1tTMjA3orfRd","Badlands","Bruce Springsteen","Bruce Springsteen","1978-06-02","https://i.scdn.co/image/ab67616d0000b273e2bb936c55fb54b0b9fdc666","https://p.scdn.co/mp3-preview/f109df45b27dc4c23cd7482f34a881c39cde0a6a?cid=9950ac751e34487dbbe027c4fd7f8e99","2023-05-09T08:20:04Z"
"spotify:track:1MV5BzujqyRQ417qj0rXNS","I Will Dare","The Replacements","The Replacements","1984","https://i.scdn.co/image/ab67616d0000b273008cfa8fb96ef0befcbc615a","https://p.scdn.co/mp3-preview/f373fa2e3ba8789c6396f82cd4bc4df2bd4351a4?cid=9950ac751e34487dbbe027c4fd7f8e99","2023-05-09T08:20:34Z"
"spotify:track:5519RhpzObr9Mn3iqoeodJ","Come and Get Your Love","Redbone","Redbone","2003-01-01","https://i.scdn.co/image/ab67616d0000b2739664387d422959620c0bbb53","https://p.scdn.co/mp3-preview/2efc56cb1ce46034e8d3522ec49e9df2027f8007?cid=9950ac751e34487dbbe027c4fd7f8e99","2023-05-09T08:20:54Z"
"spotify:track:4qgZs0RNjdzKAS22lP0QjY","Where The Streets Have No Name - Remastered","U2","U2","1987-03-03","https://i.scdn.co/image/ab67616d0000b273b7bea3d01f04e6d0408d2afe","https://p.scdn.co/mp3-preview/e96f76ee302e577a59c1faba689f01b4ca2d092f?cid=9950ac751e34487dbbe027c4fd7f8e99","2023-05-09T08:22:16Z"
"spotify:track:6mEvISosl4ozZrgLX0viHa","The Quintet Goes To A Dance","Raymond Scott, Raymond Scott Quintet","Raymond Scott","2003","https://i.scdn.co/image/ab67616d0000b273a6a5124ad6f32726c120a926","https://p.scdn.co/mp3-preview/5b829e3685a7fc66f2caaad1c18df0141fda13af?cid=9950ac751e34487dbbe027c4fd7f8e99","2023-05-31T15:43:25Z"
"spotify:track:5czjjnbTatyFal33a9h1aN","Guess Who's Back","Rakim","Rakim","1996-11-04","https://i.scdn.co/image/ab67616d0000b273796e9d830c2237253fd9b084","https://p.scdn.co/mp3-preview/9823ae8e86982a7173aa31df18569cbb3031b7ff?cid=9950ac751e34487dbbe027c4fd7f8e99","2023-05-31T15:44:17Z"
"spotify:track:6Oj7osQ5EuEoH9YTbPq2I3","Bakar Bakar","Nucleya","Nucleya","2016-09-03","https://i.scdn.co/image/ab67616d0000b273488f991870f6209708b08740","https://p.scdn.co/mp3-preview/3bbc314244028a7c356382fab63a4b1af7af9d7d?cid=9950ac751e34487dbbe027c4fd7f8e99","2023-05-31T15:50:24Z"
"spotify:track:0enEy4bPe1QuOwDDg9ovvt","On the Run","Cerebral Ballzy","Cerebral Ballzy","2011-08-07","https://i.scdn.co/image/ab67616d0000b273b51e0adb57d8fac7fc4726ed","https://p.scdn.co/mp3-preview/401a32409daf2f1458c5311fb81c3ae709403c4a?cid=9950ac751e34487dbbe027c4fd7f8e99","2023-05-31T15:52:19Z"
"spotify:track:4qYHnP5AmKzXbJhciPV8si","Ain't No Love In The Heart Of The City - Single Version","Bobby ""Blue"" Bland","Bobby ""Blue"" Bland","1974-01-01","https://i.scdn.co/image/ab67616d0000b273229e87b6d1da512c14164cc0","https://p.scdn.co/mp3-preview/a98555d47b3dcee546be8e9a4434c859ac271884?cid=9950ac751e34487dbbe027c4fd7f8e99","2023-05-31T15:53:43Z"
"spotify:track:39MK3d3fonIP8Mz9oHCTBB","Annihilate (Spider-Man: Across the Spider-Verse) (Metro Boomin & Swae Lee, Lil Wayne, Offset)","Metro Boomin, Swae Lee, Lil Wayne, Offset","Metro Boomin","2023-06-02","https://i.scdn.co/image/ab67616d0000b2736ed9aef791159496b286179f","https://p.scdn.co/mp3-preview/55f79595d431d76086fdbe4398935a66a758c1ca?cid=9950ac751e34487dbbe027c4fd7f8e99","2023-06-04T01:33:16Z"
"spotify:track:6Ec5LeRzkisa5KJtwLfOoW","Am I Dreaming (Metro Boomin & A$AP Rocky, Roisee)","Metro Boomin, A$AP Rocky, Roisee","Metro Boomin","2023-06-02","https://i.scdn.co/image/ab67616d0000b2736ed9aef791159496b286179f","https://p.scdn.co/mp3-preview/3797cc439191de6c43be0aa5c6e1aa9479194e3a?cid=9950ac751e34487dbbe027c4fd7f8e99","2023-06-04T01:33:16Z"
"spotify:track:0B6g379TMw0nYGXA7y5xHz","All The Way Live (Spider-Man: Across the Spider-Verse) (Metro Boomin & Future, Lil Uzi Vert)","Metro Boomin, Future, Lil Uzi Vert","Metro Boomin","2023-06-02","https://i.scdn.co/image/ab67616d0000b2736ed9aef791159496b286179f","https://p.scdn.co/mp3-preview/a452dc4d3f66a04e9d189b9c71baa8b3776201b8?cid=9950ac751e34487dbbe027c4fd7f8e99","2023-06-04T01:33:16Z"
"spotify:track:3X6qK1LdMkSOhklwRa2ZfG","Danger (Spider) (Offset & JID)","Offset, JID","Metro Boomin","2023-06-02","https://i.scdn.co/image/ab67616d0000b2736ed9aef791159496b286179f","https://p.scdn.co/mp3-preview/8e156f59d9f3f7162fe8c3dbfc656a1088c80383?cid=9950ac751e34487dbbe027c4fd7f8e99","2023-06-04T01:33:16Z"
"spotify:track:6HexNTb392JS071DoTGo0y","Hummingbird (Metro Boomin & James Blake)","Metro Boomin, James Blake","Metro Boomin","2023-06-02","https://i.scdn.co/image/ab67616d0000b2736ed9aef791159496b286179f","https://p.scdn.co/mp3-preview/c4d77741f1225597df0179845f63cbd0d11d40fb?cid=9950ac751e34487dbbe027c4fd7f8e99","2023-06-04T01:33:16Z"
"spotify:track:5rurggqwwudn9clMdcchxT","Calling (Spider-Man: Across the Spider-Verse) (Metro Boomin & Swae Lee, NAV, feat. A Boogie Wit da Hoodie)","Metro Boomin, Swae Lee, NAV, A Boogie Wit da Hoodie","Metro Boomin","2023-06-02","https://i.scdn.co/image/ab67616d0000b2736ed9aef791159496b286179f","https://p.scdn.co/mp3-preview/f4f13751297cc17a1f284bae8a13b30572c08770?cid=9950ac751e34487dbbe027c4fd7f8e99","2023-06-04T01:33:16Z"
"spotify:track:5Lv5L45PQmp5CTjs5PlQ6e","Silk & Cologne (EI8HT & Offset) - Spider-Verse Remix","EI8HT, Offset","Metro Boomin","2023-06-02","https://i.scdn.co/image/ab67616d0000b2736ed9aef791159496b286179f","https://p.scdn.co/mp3-preview/a637188da69bbdd6fcd0ce3e09cad44e3873d3b6?cid=9950ac751e34487dbbe027c4fd7f8e99","2023-06-04T01:33:16Z"
"spotify:track:0y8Pu7x5jXgUjOIJvQIF5L","Link Up (Metro Boomin & Don Toliver, Wizkid feat. BEAM & Toian) - Spider-Verse Remix (Spider-Man: Across the Spider-Verse )","Metro Boomin, Don Toliver, Wizkid, BEAM, Toian","Metro Boomin","2023-06-02","https://i.scdn.co/image/ab67616d0000b2736ed9aef791159496b286179f","https://p.scdn.co/mp3-preview/b3fe4d14e308788d0493a6ae2ff685f29de6b2fc?cid=9950ac751e34487dbbe027c4fd7f8e99","2023-06-04T01:33:16Z"
"spotify:track:0AAMnNeIc6CdnfNU85GwCH","Self Love (Spider-Man: Across the Spider-Verse) (Metro Boomin & Coi Leray)","Metro Boomin, Coi Leray","Metro Boomin","2023-06-02","https://i.scdn.co/image/ab67616d0000b2736ed9aef791159496b286179f","https://p.scdn.co/mp3-preview/a3b8fa8de995cd1d96b3fbdb0947e4291bd89f4a?cid=9950ac751e34487dbbe027c4fd7f8e99","2023-06-04T01:33:16Z"
"spotify:track:2qlBAT108lYOzlXhBxBqEv","Home (Metro Boomin & Don Toliver, Lil Uzi Vert)","Metro Boomin, Don Toliver, Lil Uzi Vert","Metro Boomin","2023-06-02","https://i.scdn.co/image/ab67616d0000b2736ed9aef791159496b286179f","https://p.scdn.co/mp3-preview/b1058ab091ccb725d3ff59f4a488476ebddf5b32?cid=9950ac751e34487dbbe027c4fd7f8e99","2023-06-04T01:33:16Z"
"spotify:track:3xMnPIvsaWwzHzqqzaihEX","Nonviolent Communication (Metro Boomin & James Blake, A$AP Rocky, 21 Savage)","Metro Boomin, James Blake, A$AP Rocky, 21 Savage","Metro Boomin","2023-06-02","https://i.scdn.co/image/ab67616d0000b2736ed9aef791159496b286179f","https://p.scdn.co/mp3-preview/646fb099922129826eb1c494dffa7e41a0749bd6?cid=9950ac751e34487dbbe027c4fd7f8e99","2023-06-04T01:33:16Z"
"spotify:track:0KoBrntyQ2x6Y1eZwgGe5P","Givin’ Up (Not The One) (Don Toliver & 21 Savage, 2 Chainz)","Don Toliver, 21 Savage, 2 Chainz","Metro Boomin","2023-06-02","https://i.scdn.co/image/ab67616d0000b2736ed9aef791159496b286179f","https://p.scdn.co/mp3-preview/d28ed256d49b14467c03676c3bc94be829c0bf84?cid=9950ac751e34487dbbe027c4fd7f8e99","2023-06-04T01:33:16Z"
"spotify:track:4mTKCa00WAZS2ag4GYwu0t","Nas Morales (Metro Boomin & Nas)","Metro Boomin, Nas","Metro Boomin","2023-06-02","https://i.scdn.co/image/ab67616d0000b2736ed9aef791159496b286179f","https://p.scdn.co/mp3-preview/360f68c50aeff5af18ad2c46b1647b29997b3b16?cid=9950ac751e34487dbbe027c4fd7f8e99","2023-06-04T01:33:16Z"
"spotify:track:6Oq4fiDzKaFMU89dTvM24u","Audacity (feat. Headie One)","Stormzy, Headie One","Stormzy","2019-12-13","https://i.scdn.co/image/ab67616d0000b273a1e8b73748ee972a4c22be16","https://p.scdn.co/mp3-preview/d457b8f21c6e139f3e15b9754edeed1bc0314290?cid=9950ac751e34487dbbe027c4fd7f8e99","2023-06-04T01:39:52Z"
"spotify:track:37CoOXIsgF3NzbK1zHZetk","Mona Lisa (Spider-Man: Across the Spider-Verse)","Dominic Fike","Dominic Fike","2023-06-02","https://i.scdn.co/image/ab67616d0000b273f4e6ed5d6b134635c45f8602","https://p.scdn.co/mp3-preview/cea8b314f8b3777c6b87a45187b7b522d3911fde?cid=9950ac751e34487dbbe027c4fd7f8e99","2023-06-04T01:46:24Z"
"spotify:track:5IfHiB7cDHdihOZLikusPq","Light The City Up","Cut The Lights","Cut The Lights","2023-06-02","https://i.scdn.co/image/ab67616d0000b273c435673189aae10be2ec5ca4","https://p.scdn.co/mp3-preview/cb99a902b053cf5e52947c28983f898ecebcc28d?cid=9950ac751e34487dbbe027c4fd7f8e99","2023-06-04T01:46:57Z"
"spotify:track:3KkXRkHbMCARz0aVfEt68P","Sunflower - Spider-Man: Into the Spider-Verse","Post Malone, Swae Lee","Various Artists","2018-12-14","https://i.scdn.co/image/ab67616d0000b273e2e352d89826aef6dbd5ff8f","https://p.scdn.co/mp3-preview/801a664529525b366fa6fb8f6cacd5dd83928272?cid=9950ac751e34487dbbe027c4fd7f8e99","2023-06-04T01:47:17Z"
"spotify:track:5zsHmE2gO3RefVsPyw2e3T","What's Up Danger (with Black Caviar)","Blackway, Black Caviar","Various Artists","2018-12-14","https://i.scdn.co/image/ab67616d0000b273e2e352d89826aef6dbd5ff8f","https://p.scdn.co/mp3-preview/d75e1f69d2caafd88c626824d0513c466d787f34?cid=9950ac751e34487dbbe027c4fd7f8e99","2023-06-04T01:47:25Z"
"spotify:track:56elAIX47Q7vSQ1bpKNhHo","Equinox","John Coltrane","John Coltrane","2018-05-17","https://i.scdn.co/image/ab67616d0000b273e407464fb2e70ed95b9836ec","https://p.scdn.co/mp3-preview/bf9bd3fea3c76904f96de0aec143eaa1e788b9e3?cid=9950ac751e34487dbbe027c4fd7f8e99","2023-06-21T12:56:08Z"
"spotify:track:0qMzVhk0MvRbNi6m1fxtcl","The Problem","Jesika Jane, NEM3SI$","Jesika Jane, NEM3SI$","2022-11-16","https://i.scdn.co/image/ab67616d0000b273b664a9c40345ac6448ac8644","https://p.scdn.co/mp3-preview/c424f84daa701b965e159a66316f5dd0c34d24f9?cid=9950ac751e34487dbbe027c4fd7f8e99","2023-06-21T12:58:12Z"
"spotify:track:2brxFq9YHrI4v6RGrocn5X","Dream Baby (How Long Must I Dream)","Roy Orbison","Roy Orbison","2006-03-28","https://i.scdn.co/image/ab67616d0000b2734516a5d74bac51f3afcba85a","https://p.scdn.co/mp3-preview/52b28032b700ab8a283c109af1128b1bb94090d7?cid=9950ac751e34487dbbe027c4fd7f8e99","2023-10-06T02:35:47Z"
"spotify:track:7eYYxblNEZKKeTT0HBQbXO","Kozmic Blues","Janis Joplin","Janis Joplin","1969-09-11","https://i.scdn.co/image/ab67616d0000b27301d3519435afd897e2c2d848","https://p.scdn.co/mp3-preview/7f2b47043790a3342bf3aa6066e241904a6a7220?cid=9950ac751e34487dbbe027c4fd7f8e99","2023-10-13T01:57:22Z"
"spotify:track:0VnTg7Wc60kMYfKSAhIrwP","Thunder in Your Heart","John Farnham","Various Artists","1986-07-01","https://i.scdn.co/image/ab67616d0000b273935809f7c12fed84f13d9762","https://p.scdn.co/mp3-preview/96d572f46fd0846552a7e4b1ff0658ba0e1876a2?cid=9950ac751e34487dbbe027c4fd7f8e99","2023-11-03T01:48:17Z"
"spotify:track:35k31HZI4z9PbBOioaI4dZ","Working for the Weekend","Loverboy","Loverboy","1981","https://i.scdn.co/image/ab67616d0000b2739c56254072383ce8172ab4c6","https://p.scdn.co/mp3-preview/83ce09dd54ac0bae887adda009c76de80a892d9a?cid=9950ac751e34487dbbe027c4fd7f8e99","2023-11-03T01:48:44Z"
"spotify:track:3pVsGhUEBZKFtn0n8zjS0H","Love Don't Live Here Anymore","Rose Royce","Rose Royce","1978","https://i.scdn.co/image/ab67616d0000b27352fc32e87cf48546dd6e992d","https://p.scdn.co/mp3-preview/923bb18a74bf0d478529d806a6beda3f6635351a?cid=9950ac751e34487dbbe027c4fd7f8e99","2023-11-03T01:49:49Z"
"spotify:track:2FDb4BUchzPoHccUIg9PAk","Oh! Sweet Nuthin'","The Velvet Underground","The Velvet Underground","1970","https://i.scdn.co/image/ab67616d0000b2735816a37263f88929907c2dbd","https://p.scdn.co/mp3-preview/d98916fa915a8a578def1a9d67fb25ae3ec3ba5c?cid=9950ac751e34487dbbe027c4fd7f8e99","2023-11-03T01:51:56Z"
"spotify:track:0Lc0ayqNmFPEiNRCkVQcJ3","Zaniac","Natalie Holt","Natalie Holt","2023-10-27","https://i.scdn.co/image/ab67616d0000b27373a0230a95c32578bf1fd563","https://p.scdn.co/mp3-preview/1e82ee5a23ec12d86ac5657919a9a5067b4d1407?cid=9950ac751e34487dbbe027c4fd7f8e99","2023-11-03T01:52:54Z"
"spotify:track:7xi6IzpwkgtpenLzl5LMLc","Double Bubble Trouble","M.I.A.","M.I.A.","2013-01-01","https://i.scdn.co/image/ab67616d0000b2733d6fa293f49903ed38fbe0de","https://p.scdn.co/mp3-preview/9bf3be20a29f4f656a12cabca0b785c08d55f32d?cid=9950ac751e34487dbbe027c4fd7f8e99","2023-11-08T15:36:16Z"
"spotify:track:3YVeaqhSFth8QAL45wO19L","RATATA","Skrillex, Missy Elliott, Mr. Oizo","Skrillex, Missy Elliott, Mr. Oizo","2023-02-15","https://i.scdn.co/image/ab67616d0000b2732dc516078ce841911ffbf2fd","https://p.scdn.co/mp3-preview/738aedaa1f3727cd98e64b63393a3f27f7128a23?cid=9950ac751e34487dbbe027c4fd7f8e99","2023-11-08T15:36:42Z"
"spotify:track:0I3cUqffwmH2mMUHIfpC0l","Memory","Barbra Streisand","Barbra Streisand","1981","https://i.scdn.co/image/ab67616d0000b2738a4a2c9f5edd85ec449fc508","https://p.scdn.co/mp3-preview/50716493cdea9e89073a49969b33edebdc10b81a?cid=9950ac751e34487dbbe027c4fd7f8e99","2023-11-08T15:38:56Z"
"spotify:track:4SSnFejRGlZikf02HLewEF","bury a friend","Billie Eilish","Billie Eilish","2019-03-29","https://i.scdn.co/image/ab67616d0000b27350a3147b4edd7701a876c6ce","https://p.scdn.co/mp3-preview/b821adc1d6ef642032f778e894500b75b930ff28?cid=9950ac751e34487dbbe027c4fd7f8e99","2023-11-15T15:25:14Z"
"spotify:track:6xhX358ASr7E5xlTdPUeSH","History Is Now","Natalie Holt","Natalie Holt","2023-11-17","https://i.scdn.co/image/ab67616d0000b2738d2148423b23df1888e8cf20","https://p.scdn.co/mp3-preview/4a799b0ca58fdf6700c46a322b72bd665314d25b?cid=9950ac751e34487dbbe027c4fd7f8e99","2023-11-18T05:32:32Z"
"spotify:track:5U5p472hgeXUKvh0d8RL4K","Never Surrender","Corey Hart","Corey Hart","1985-01-01","https://i.scdn.co/image/ab67616d0000b273ac8529be93467378a0272698","https://p.scdn.co/mp3-preview/b1a2fa660578a9005237adef08ed5160208c3a4b?cid=9950ac751e34487dbbe027c4fd7f8e99","2023-12-24T03:59:35Z"
"spotify:track:4V2s08BMEqJWIfa3PcNOpR","Captain America","Alan Silvestri","Various Artists","2011-01-01","https://i.scdn.co/image/ab67616d0000b273ef529a395ac460e574838673","https://p.scdn.co/mp3-preview/bdbb4d9064d067e19ca8bd0abeee50ce556a427b?cid=9950ac751e34487dbbe027c4fd7f8e99","2023-12-26T08:53:42Z"
"spotify:track:6rzhdwFEhVtDnwJ5ng5uPA","It's Been A Long, Long Time","Harry James and His Orchestra\, Vocals by Kitty Kallen","Harry James","2018-12-07","https://i.scdn.co/image/ab67616d0000b273c2524344999c8a92aa7125ba","https://p.scdn.co/mp3-preview/3c9b83a63cf4d9c2ec15e151c646b0ad8bb39e18?cid=9950ac751e34487dbbe027c4fd7f8e99","2023-12-26T08:55:31Z"
"spotify:track:2eRpD2BvnFAZCXN5fukXZz","Pretty Waste","BONES UK","BONES UK","2019-05-24","https://i.scdn.co/image/ab67616d0000b27386902bb58a37a100562c4e57","https://p.scdn.co/mp3-preview/37baed7faea483e3bc134d096be56bf0cdca6bdb?cid=9950ac751e34487dbbe027c4fd7f8e99","2024-01-08T18:50:01Z"
"spotify:track:2b1MCbfwRZ1teOX1vSm4Xt","Crazy","Doechii","Doechii","2022-04-08","https://i.scdn.co/image/ab67616d0000b273d2295706e5a306b43fa58e60","https://p.scdn.co/mp3-preview/5ff63c175f8f9748b66f9736dedb7b449eb396cf?cid=9950ac751e34487dbbe027c4fd7f8e99","2024-01-10T06:47:16Z"
"spotify:track:7eUarVRO7tNoJy6WZDhkoR","Chitty Bang","Leikeli47","Leikeli47","2022-01-04","https://i.scdn.co/image/ab67616d0000b273830bf2332133de37cd0425f9","https://p.scdn.co/mp3-preview/29632a6efca83f9d17567ed03fbfb62e3e248b15?cid=9950ac751e34487dbbe027c4fd7f8e99","2024-01-10T06:53:17Z"
"spotify:track:1ynmMEK1fkyiZ6Z6F3ThEt","Centerfold","The J. Geils Band","The J. Geils Band","1981","https://i.scdn.co/image/ab67616d0000b27338b2429ef948e6ca8d3ab599","https://p.scdn.co/mp3-preview/1ebd889311c2ec02bf018627615966e859de3e13?cid=9950ac751e34487dbbe027c4fd7f8e99","2024-01-10T07:57:11Z"
"spotify:track:3L4E15BK5uFYJhY5MfKbA0","Ain't Gonna Stop","Natural Child","Natural Child","2012-03-27","https://i.scdn.co/image/ab67616d0000b2736f496390d55eede5aef9aa80","https://p.scdn.co/mp3-preview/92bb4bf682e30938e4fbabb3104e0bfd5348ccbd?cid=9950ac751e34487dbbe027c4fd7f8e99","2024-01-10T08:03:06Z"
"spotify:track:4JFet0crxTPHFV2n1ZqZKV","Burning","Yeah Yeah Yeahs","Yeah Yeah Yeahs","2022-09-30","https://i.scdn.co/image/ab67616d0000b273667ca33e4b6d8e74b17a6529","https://p.scdn.co/mp3-preview/5b9fec5fc92e36bd12073d7428fffc1c6a3f8186?cid=9950ac751e34487dbbe027c4fd7f8e99","2024-01-10T08:14:49Z"
"spotify:track:5AQpbyFoQmkOVwmlhKN4ii","Call Me The Breeze","J.J. Cale","J.J. Cale","1972","https://i.scdn.co/image/ab67616d0000b27336f87f70bd74db7f54652179","https://p.scdn.co/mp3-preview/ed8e805e7f5018b1a77d59e6c3c80464574f65f9?cid=9950ac751e34487dbbe027c4fd7f8e99","2024-01-10T08:22:18Z"
"spotify:track:14t8pLQkLLskPriG8bs96b","Walkin' After Midnight","Patsy Cline","Patsy Cline","2009-09-25","https://i.scdn.co/image/ab67616d0000b273e483bf2c3621dab428e4d6f5","https://p.scdn.co/mp3-preview/8d0b24d6e93805041810041fd0954718ae787ace?cid=9950ac751e34487dbbe027c4fd7f8e99","2024-01-10T08:23:40Z"
"spotify:track:5e8v4ibmsMHxHLALe5KaiZ","Electric Pow Wow Drum","The Halluci Nation","The Halluci Nation","2013-03-12","https://i.scdn.co/image/ab67616d0000b273ef0124a7f7337ff71908ce8c","https://p.scdn.co/mp3-preview/e7c8fa77ed580ee19162f7983784c4dc91df9613?cid=9950ac751e34487dbbe027c4fd7f8e99","2024-01-10T08:53:59Z"
"spotify:track:5GorFaKkP2mLREQvhSblIg","All My Life","K-Ci & JoJo","K-Ci & JoJo","1997-01-01","https://i.scdn.co/image/ab67616d0000b2736e955099e6d2225059595b9e","https://p.scdn.co/mp3-preview/14ce9c87f5fa95573fd1966b0cd04a5164d3e9cf?cid=9950ac751e34487dbbe027c4fd7f8e99","2024-01-10T09:15:45Z"
"spotify:track:0ScJ1d2kpZutXw02Wyxejf","Watch Your Back","Zack Arnett, Jaron Lamont, Jason Rabinowitz, Colton Fisher, Zeazy Z","Various Artists","2013-02-08","https://i.scdn.co/image/ab67616d0000b2738bfabfab63aea054d6a6d586","https://p.scdn.co/mp3-preview/233ad407518596142552abf3c34f2aa08d7b999b?cid=9950ac751e34487dbbe027c4fd7f8e99","2024-01-10T09:34:28Z"
"spotify:track:03dItta0AYYUP1iogTFNsO","Wavy","BigBreeze, Jude Barclay, Scootie Wop","BigBreeze, Jude Barclay, Scootie Wop","2022-05-27","https://i.scdn.co/image/ab67616d0000b2734b6561fbd8208f4462191fc8","https://p.scdn.co/mp3-preview/51bffc98d3ff532a8437d35fbbe2ee92d26065da?cid=9950ac751e34487dbbe027c4fd7f8e99","2024-01-10T09:41:42Z"
"spotify:track:4Ux08brtNnR5zFGJ1ycFfp","Deal for Yourself","Faustus","Faustus","2016-01-08","https://i.scdn.co/image/ab67616d0000b27310f8feb82263d184981fb1ae","https://p.scdn.co/mp3-preview/eb9979b03f40e296141135f10cc070bd9c38ffc1?cid=9950ac751e34487dbbe027c4fd7f8e99","2024-01-10T09:42:02Z"
"spotify:track:1l5yBAlfMVvDgPyCGcaD6C","Dreamer","Joyce Harris","Various Artists","1998-03-30","https://i.scdn.co/image/ab67616d0000b273c8ffc80e632d3c67a856b210","https://p.scdn.co/mp3-preview/5eae506b05c46e5a5a4b7737937ba2d7b2c8c2ce?cid=9950ac751e34487dbbe027c4fd7f8e99","2024-01-10T09:53:20Z"
"spotify:track:6Nm8h73ycDG2saCnZV8poF","Dragula","Rob Zombie","Rob Zombie","1998-01-01","https://i.scdn.co/image/ab67616d0000b27313d4adf9e4b938f88266f4e4","https://p.scdn.co/mp3-preview/4a7c65e9a3b50afd83df27e13b2a88c61cd40ec6?cid=9950ac751e34487dbbe027c4fd7f8e99","2024-01-10T10:16:17Z"
"spotify:track:2jxqu3v4AZAhUNvdAbDGet","New York Minute","Don Henley","Don Henley","1989-06-27","https://i.scdn.co/image/ab67616d0000b273a6c99907120765303d628bda","https://p.scdn.co/mp3-preview/c9030edae2f4e8ca30ea77859fa25d7801964a48?cid=9950ac751e34487dbbe027c4fd7f8e99","2024-01-10T10:20:25Z"
"spotify:track:2vhhPV5t9zGnmNsys0DBcw","When We Remain","Samantha Crain","Samantha Crain","2020-05-01","https://i.scdn.co/image/ab67616d0000b2735329cae1e649fd699f35539a","https://p.scdn.co/mp3-preview/365becdaae6f50a142f5a3c54124848d85aa19d7?cid=9950ac751e34487dbbe027c4fd7f8e99","2024-01-10T10:25:05Z"
"spotify:track:0ImjeKKMwhUNJwVe4JXEDy","Feral Love","Chelsea Wolfe","Chelsea Wolfe","2013-09-03","https://i.scdn.co/image/ab67616d0000b2735af1139fdb81e5b88ae3fffd","https://p.scdn.co/mp3-preview/30d7ee93e14cdab8dd2402569398082edd1dc11a?cid=9950ac751e34487dbbe027c4fd7f8e99","2024-01-10T10:31:59Z"
"spotify:track:3zOeCjXhgLY43BC6ATAycU","That Empty Feeling","Ronnie Dove","Ronnie Dove","2020-01-10","https://i.scdn.co/image/ab67616d0000b273962b3e14e06797811c128647","https://p.scdn.co/mp3-preview/53de0d048577678e65c821a0a1040332a83c9b25?cid=9950ac751e34487dbbe027c4fd7f8e99","2024-01-10T10:47:42Z"
"spotify:track:79x6uDDP9EAT5c35zOZhXv","Down To The River To Pray","Alison Krauss","Various Artists","2000-12-05","https://i.scdn.co/image/ab67616d0000b273a7e90e0f6a18e36a594d39c2","https://p.scdn.co/mp3-preview/46ced468645aff1cbba2ca637165d0a21452d1cb?cid=9950ac751e34487dbbe027c4fd7f8e99","2024-01-10T10:52:20Z"
"spotify:track:6DsP6w8eeyl1Hhef6NBVwC","Bread & Cheese","The Halluci Nation, Black Bear","The Halluci Nation","2013-05-07","https://i.scdn.co/image/ab67616d0000b2730ba04a91e77009b87e02d67f","https://p.scdn.co/mp3-preview/1ffd9704ff7519dc2f9963123d87525811533a9a?cid=9950ac751e34487dbbe027c4fd7f8e99","2024-01-10T10:52:38Z"
"spotify:track:4v7obSlhUlFPg4jq4GPNga","Jingle Dress Song","Northern Cree","Northern Cree","1995-01-01","https://i.scdn.co/image/ab67616d0000b27393bb884b6f663ecbb47461d5","https://p.scdn.co/mp3-preview/9fe6d233c55eefc98c1b303c7112997c81b0eb64?cid=9950ac751e34487dbbe027c4fd7f8e99","2024-01-10T10:53:01Z"
"spotify:track:3A1eGdHTp8tIS2ZFAmpaue","Heart of a Lion (The Illusory Alchemist Remix)","Dubkiller, Mark Victor, The Illusory Alchemist","Dubkiller, Mark Victor","2020-12-21","https://i.scdn.co/image/ab67616d0000b273813ef2b1df633e7316a01779","https://p.scdn.co/mp3-preview/1b0b52dba9ea96e617ef0b1c8e45abe791e1bd42?cid=9950ac751e34487dbbe027c4fd7f8e99","2024-01-10T11:13:32Z"
"spotify:track:35bVusytFOPPlPHtTQN3OL","Untie The Ribbon","Hank & Jane And Friends","Hank & Jane And Friends","2008-09-15","https://i.scdn.co/image/ab67616d0000b273acaf099a485047f117f8390d","https://p.scdn.co/mp3-preview/02786b0bd455f7fabf3cad26bbd22e6efac6b039?cid=9950ac751e34487dbbe027c4fd7f8e99","2024-01-10T11:25:54Z"
"spotify:track:7aw06U2IXVl9Uya75rNgK5","Eternally","Jo Jo Benson","Various Artists","2012-03-13","https://i.scdn.co/image/ab67616d0000b27362479d7ebe05566ac90255c8","https://p.scdn.co/mp3-preview/478b13366c13dea1dd4a87ac6f4ecb8ce035fd4f?cid=9950ac751e34487dbbe027c4fd7f8e99","2024-01-10T11:49:25Z"
"spotify:track:0YAgu0AI8dZnH00jnN0SWY","Aihpiyiw","Olivia Tailfeathers","Various Artists","2010-02-01","https://i.scdn.co/image/ab67616d0000b273164b549fb627bb47fee630e1","https://p.scdn.co/mp3-preview/a3451beb5a23e17b28fcc0922217a08ffefa62f3?cid=9950ac751e34487dbbe027c4fd7f8e99","2024-01-10T11:49:55Z"
"spotify:track:6DzdXF9C71NPa7jPTA2iqV","Untie the Ribbon","Wanda Johnson","Various Artists","2016-01-15","https://i.scdn.co/image/ab67616d0000b273567d67101851d6db22c9e958","https://p.scdn.co/mp3-preview/63444ca10fa88417e3f46a68e12342ab2b73452b?cid=9950ac751e34487dbbe027c4fd7f8e99","2024-01-10T11:50:27Z"
"spotify:track:6I9VzXrHxO9rA9A5euc8Ak","Toxic","Britney Spears","Britney Spears","2003-11-13","https://i.scdn.co/image/ab67616d0000b273efc6988972cb04105f002cd4","https://p.scdn.co/mp3-preview/6de2791f84c1d637a0e24734b6df3997cc742da4?cid=9950ac751e34487dbbe027c4fd7f8e99","2024-02-15T15:39:35Z"
"spotify:track:5Ogny8gvGtJxEqpO8qByVV","Miles Away","Yeah Yeah Yeahs","Yeah Yeah Yeahs","2002","https://i.scdn.co/image/ab67616d0000b2735ce04db88331506b4623a1c3",,"2024-02-15T15:43:43Z"
"spotify:track:4uvjOKsp7mSjrDhWdkLPBY","I Think We're Alone Now","Tiffany","Tiffany","1987-01-01","https://i.scdn.co/image/ab67616d0000b273389fee741b183fc3df0fbf64","https://p.scdn.co/mp3-preview/7b9838d0d6d5b71189ec6761c7069818babf278b?cid=9950ac751e34487dbbe027c4fd7f8e99","2024-02-15T15:44:05Z"
"spotify:track:3i6qNxyVgIdUZTTi5m25EM","Bitch","Meredith Brooks","Meredith Brooks","1997-01-01","https://i.scdn.co/image/ab67616d0000b2737a8ebb7a3a8c0cadc4490cb4","https://p.scdn.co/mp3-preview/18b81cf4d729146cbe904ad1b55b49c9017ab822?cid=9950ac751e34487dbbe027c4fd7f8e99","2024-02-15T15:44:22Z"
"spotify:track:0aaF7ZqF3qY56XfhmT4mkL","La purpura de la rosa: Tú eres Venus?","Tomás de Torrejón y Velasco, Graciela Oddone, Isabel Monar, Ensemble Elyma, Gabriel Garrido","Tomás de Torrejón y Velasco, Graciela Oddone, Isabel Monar, Cecilia Diaz, Adriana Fernandez, Alicia Borges, Isabel Alvarez, Susanna Moncayo, Marcello Lippi, Furio Zanasi, Ensemble Elyma, Gabriel Garrido","2017-03-17","https://i.scdn.co/image/ab67616d0000b27371125d093acff92195046f64","https://p.scdn.co/mp3-preview/b37fdd4fdc4a448bfe2437c8afe5b7e9f1a13a5a?cid=9950ac751e34487dbbe027c4fd7f8e99","2024-02-15T15:45:14Z"
"spotify:track:3fptXQbkawHJNXANV2y0t5","Scandalous - StarGate Radio Mix","Mis-Teeq, Stargate","Mis-Teeq","2003","https://i.scdn.co/image/ab67616d0000b273c835bb95b68ee38d8a280bec","https://p.scdn.co/mp3-preview/ecbc50ff1a2b1fffb8c3bc032c9a598bd40ff38a?cid=9950ac751e34487dbbe027c4fd7f8e99","2024-02-15T15:45:56Z"
"spotify:track:4JGKZS7h4Qa16gOU3oNETV","Dreams","The Cranberries","The Cranberries","1993-03-01","https://i.scdn.co/image/ab67616d0000b273f6325f361d7803ad0d908451","https://p.scdn.co/mp3-preview/01e93b284cd90ce02c830fb18aed309a946e77f9?cid=9950ac751e34487dbbe027c4fd7f8e99","2024-02-15T15:46:20Z"
"spotify:track:7foeif6DOvUuqH3pYkSPvk","M.F.E.O.","Kavana","Kavana","1997-01-01","https://i.scdn.co/image/ab67616d0000b27322f91c4c38534bfe2040ccab","https://p.scdn.co/mp3-preview/f4c16b964ab83900952bab7655b5f87a41b2849c?cid=9950ac751e34487dbbe027c4fd7f8e99","2024-03-20T10:39:59Z"
"spotify:track:5AfeakgLhW7FahgA92yyyo","Rebel Soul","Dree Mon","Dree Mon","2017-11-16","https://i.scdn.co/image/ab67616d0000b273aea03da839b5117ea6a7f4c9","https://p.scdn.co/mp3-preview/c6ac300b674df4398206d0294f7aae918c58e8fb?cid=9950ac751e34487dbbe027c4fd7f8e99","2024-03-20T10:41:25Z"
"spotify:track:7yCF65vpc7sUwPjftI0iFb","Happy Nation","Ace of Base","Ace of Base","1992-11-16","https://i.scdn.co/image/ab67616d0000b273b8e072ca95df6dc435b1484f","https://p.scdn.co/mp3-preview/cb305ced36ceac1cae575c03f7d371f5dc030002?cid=9950ac751e34487dbbe027c4fd7f8e99","2024-03-20T10:41:48Z"
"spotify:track:1z3ugFmUKoCzGsI6jdY4Ci","Like a Prayer","Madonna","Madonna","2009-09-18","https://i.scdn.co/image/ab67616d0000b2736b44fa8f5415cc4c945117be","https://p.scdn.co/mp3-preview/d6f995a2eb0f481237c8c63d6bf0658f9e86f943?cid=9950ac751e34487dbbe027c4fd7f8e99","2024-04-22T16:13:16Z"
"spotify:track:3GIu4yGiUgvDi9ERewkbIa","X-Men '97 Theme - From ""X-Men '97""","The Newton Brothers","The Newton Brothers","2024-03-21","https://i.scdn.co/image/ab67616d0000b27367efaaa2608ff2393947c0a5","https://p.scdn.co/mp3-preview/a0f48889d8a0d0d4096300a87819ac8278a65724?cid=9950ac751e34487dbbe027c4fd7f8e99","2024-04-24T07:34:45Z"
"spotify:track:0WkZQPNC0c7yrsMX1arVAd","The Purple People Eater","Sheb Wooley","Sheb Wooley","1997-01-01","https://i.scdn.co/image/ab67616d0000b273a401debe1538c240f685d2db","https://p.scdn.co/mp3-preview/8055fb2ddbc5cb2c18144c176b1a1e5cd157a3d5?cid=9950ac751e34487dbbe027c4fd7f8e99","2024-04-24T07:36:30Z"
"spotify:track:1ZYWWz6ADzrCazzGFWbOOf","Madama Butterfly, Act II: Un bel dì vedremo (Butterfly)","Giacomo Puccini, Renata Scotto, Orchestra Del Teatro Dell'Opera Di Roma, Sir John Barbirolli","Giacomo Puccini, Renata Scotto, Orchestra Del Teatro Dell'Opera Di Roma, Sir John Barbirolli","1966","https://i.scdn.co/image/ab67616d0000b273b81c642d46491e54e4217698","https://p.scdn.co/mp3-preview/e8b7ec0b4c176b2323b694c237be6ce092e5155d?cid=9950ac751e34487dbbe027c4fd7f8e99","2024-04-24T07:37:59Z"
"spotify:track:11Er3qlX9yXQjhvHkmvcBD","The Flower Duet (From ""Lakmé"")","Katherine Jenkins, Kiri Te Kanawa, Philharmonia Orchestra, Anthony Inglis","Katherine Jenkins","2006-01-01","https://i.scdn.co/image/ab67616d0000b27369d54beffc60228618947d8a","https://p.scdn.co/mp3-preview/6e3aa7f967d200af39834f35eff89ae733570bae?cid=9950ac751e34487dbbe027c4fd7f8e99","2024-04-24T07:38:51Z"
"spotify:track:5qBqBdfTEIWJwAS0Jm2F5R","Turn! Turn! Turn! (To Everything There Is a Season)","The Byrds","The Byrds","1965-12-06","https://i.scdn.co/image/ab67616d0000b2738ebc5d5d4fcf960b083af081","https://p.scdn.co/mp3-preview/3f3bf52def6a49c663cce845bd6e1180992078f0?cid=9950ac751e34487dbbe027c4fd7f8e99","2024-05-16T23:12:57Z"
"spotify:track:72Z17vmmeQKAg8bptWvpVG","Space Oddity - 2015 Remaster","David Bowie","David Bowie","1969-11-04","https://i.scdn.co/image/ab67616d0000b2733395f3e809dfbc2b1101d464","https://p.scdn.co/mp3-preview/9240f576fa464f8e3fe38f1c83fd23cd4e516638?cid=9950ac751e34487dbbe027c4fd7f8e99","2024-06-04T06:21:33Z"
"spotify:track:7EWaWcYUdatuLQQ7NJjh1O","Black and Yellow (feat. Juicy J, Snoop Dogg & T-Pain) - G-Mix [G-Mix]","Wiz Khalifa, Juicy J, Snoop Dogg, T-Pain","Wiz Khalifa","2010-09-14","https://i.scdn.co/image/ab67616d0000b273fd84fedd1859fb54ea900f43","https://p.scdn.co/mp3-preview/20159aaa2822e9cdd86415f509151991112b2aed?cid=9950ac751e34487dbbe027c4fd7f8e99","2024-06-11T04:10:13Z"
"spotify:track:6NmEbJz0hXsoe5mogu23it","Seven Devils","Florence + The Machine","Florence + The Machine","2011-01-01","https://i.scdn.co/image/ab67616d0000b2736a8c1075f751a78e0b7799c7","https://p.scdn.co/mp3-preview/3643d5b76b3d702336ee28adb3d44a1d26275b80?cid=9950ac751e34487dbbe027c4fd7f8e99","2024-07-08T17:40:35Z"
"spotify:track:2GuTKe67s8VBtdqtRE9nd2","Only You - Re-Recorded","The Platters","The Platters","2023-05-22","https://i.scdn.co/image/ab67616d0000b2739281131a9f7b1de32ff026f5","https://p.scdn.co/mp3-preview/077093d2d8449c8d9d7a3291999145571a1e9f6b?cid=9950ac751e34487dbbe027c4fd7f8e99","2024-07-20T10:34:26Z"
"spotify:track:62bOmKYxYg7dhrC6gH9vFn","Bye Bye Bye","*NSYNC","*NSYNC","2000-03-21","https://i.scdn.co/image/ab67616d0000b273a6cb8fab778e1efc406a5909","https://p.scdn.co/mp3-preview/161d6b8cfeb94609aee323195a6452cdb90181ca?cid=9950ac751e34487dbbe027c4fd7f8e99","2024-07-20T10:34:56Z"
"spotify:track:27QxL30kLR6RyIjLXCMFdU","Angel of the Morning","Merrilee Rush & The Turnabouts","Merrilee Rush","2004-12-17","https://i.scdn.co/image/ab67616d0000b273df5a77ed49015eedf8dfb034","https://p.scdn.co/mp3-preview/750367270ad09bf79e9cbad9ad775cc0d72e6713?cid=9950ac751e34487dbbe027c4fd7f8e99","2024-07-20T10:35:24Z"
"spotify:track:1V8AZk8VG8qksb9mKgxTuR","Glamorous","Fergie, Ludacris","Fergie","2006-09-19","https://i.scdn.co/image/ab67616d0000b2739608986d527ed9c4bb52b004","https://p.scdn.co/mp3-preview/823e6c8ef7d263a2b7ea67032ee3bff7f8be5083?cid=9950ac751e34487dbbe027c4fd7f8e99","2024-07-20T10:36:51Z"
"spotify:track:6Qyc6fS4DsZjB2mRW9DsQs","Iris","The Goo Goo Dolls","The Goo Goo Dolls","1998","https://i.scdn.co/image/ab67616d0000b273eda9478c39a21e1cdc6609ca","https://p.scdn.co/mp3-preview/30e2a899a94a089d5c341b782b00aa802fd87610?cid=9950ac751e34487dbbe027c4fd7f8e99","2024-07-20T10:37:02Z"
"spotify:track:2olVm1lHicpveMAo4AUDRB","The Power Of Love","Huey Lewis & The News","Huey Lewis & The News","2006-01-01","https://i.scdn.co/image/ab67616d0000b2735306ed42ae78f317258c51bb","https://p.scdn.co/mp3-preview/1102e37c79ea611a0afa20f454da9f6ccb7a58a8?cid=9950ac751e34487dbbe027c4fd7f8e99","2024-07-20T10:37:37Z"
"spotify:track:24uwABPWPejBuvFL4tMkvD","I'm a Ramblin' Man","Waylon Jennings","Waylon Jennings","1974-09-01","https://i.scdn.co/image/ab67616d0000b27337839301c29d3e7f470745ae","https://p.scdn.co/mp3-preview/0e2834827e79f0582fa0716e75c1b22e6c32323a?cid=9950ac751e34487dbbe027c4fd7f8e99","2024-07-20T10:52:11Z"
"spotify:track:2STy18bfCVP8v6aOu2CliZ","You Belong To Me","Patsy Cline, The Jordanaires","Patsy Cline","1962","https://i.scdn.co/image/ab67616d0000b27300ecfe5460b3c6a240154910","https://p.scdn.co/mp3-preview/664dc84c3363d68a29c1e9b8b6d5613c603f579b?cid=9950ac751e34487dbbe027c4fd7f8e99","2024-07-20T10:53:02Z"
"spotify:track:1GeNWyZtCHbcp3ZWp8GTOO","The Lady In Red","Chris de Burgh","Chris de Burgh","1986-01-01","https://i.scdn.co/image/ab67616d0000b273c5b341a19b01d6b3d89a8e6a","https://p.scdn.co/mp3-preview/1ac458262cf02491e364dec2477f5c6e7595415a?cid=9950ac751e34487dbbe027c4fd7f8e99","2024-07-20T10:53:14Z"
"spotify:track:1jlG3KJ3gdYmhfuySFfpO1","I'm with You","Avril Lavigne","Avril Lavigne","2002-06-04","https://i.scdn.co/image/ab67616d0000b273f7ec724fbf97a30869d06240","https://p.scdn.co/mp3-preview/b5ea35e1e3d74a99fb72ee4b486f94c87c4d1acd?cid=9950ac751e34487dbbe027c4fd7f8e99","2024-07-20T10:53:47Z"
"spotify:track:4ylWMuGbMXNDgDd8lErEle","The Greatest Show","Hugh Jackman, Keala Settle, Zac Efron, Zendaya, The Greatest Showman Ensemble","Various Artists","2017-12-08","https://i.scdn.co/image/ab67616d0000b273128057b40732c042c86de1dd","https://p.scdn.co/mp3-preview/90116a0dfeb5048e49585dcb48f302e132d9338a?cid=9950ac751e34487dbbe027c4fd7f8e99","2024-07-20T10:53:58Z"
"spotify:track:0B9x2BRHqj3Qer7biM3pU3","You're The One That I Want - From “Grease”","John Travolta, Olivia Newton-John","Various Artists","1978-04-04","https://i.scdn.co/image/ab67616d0000b273b68df485f3304211904548a8","https://p.scdn.co/mp3-preview/884b80e276aa1c46c5061b205acf1a85fe855e88?cid=9950ac751e34487dbbe027c4fd7f8e99","2024-07-20T10:54:33Z"
"spotify:track:0mtbzu1k9ZFuR2hBpzshIP","I'll Be Seeing You","Jimmy Durante","Jimmy Durante","1965","https://i.scdn.co/image/ab67616d0000b273f768afafce8e293a3d620a71","https://p.scdn.co/mp3-preview/eaf42e7f9b4e5dfa02e15c46713bbd23614fde06?cid=9950ac751e34487dbbe027c4fd7f8e99","2024-07-20T10:54:42Z"
"spotify:track:2cJ32oKOM4socjP9DE6jhU","Make Me Lose Control","Eric Carmen","Eric Carmen","2014-03-21","https://i.scdn.co/image/ab67616d0000b27346e5cc33b99245667f67cf9a","https://p.scdn.co/mp3-preview/f659cf58a80f557f2908fa242b7a2d4f675ecbce?cid=9950ac751e34487dbbe027c4fd7f8e99","2024-07-20T10:55:18Z"
"spotify:track:0VAmZrLpRYKRejQfcx57AU","You're All I Need to Get By (with The Royal Philharmonic Orchestra)","Aretha Franklin, Royal Philharmonic Orchestra","Aretha Franklin","2017-11-10","https://i.scdn.co/image/ab67616d0000b273d4750565018a7842b38914df","https://p.scdn.co/mp3-preview/31d47a47130690cf01a25290a5bb88fb22a0f3fb?cid=9950ac751e34487dbbe027c4fd7f8e99","2024-07-20T10:55:28Z"
"spotify:track:6ORqU0bHbVCRjXm9AjyHyZ","Good Riddance (Time of Your Life)","Green Day","Green Day","1997-10-14","https://i.scdn.co/image/ab67616d0000b273da4f6706ae0f2501c61ce776","https://p.scdn.co/mp3-preview/25e3289a356f376e09cc0089de4fcff05f1ec838?cid=9950ac751e34487dbbe027c4fd7f8e99","2024-07-20T10:56:00Z"
"spotify:track:5m14N7UR6nG69ccaQ0Qssa","LFG - Theme from ""Deadpool & Wolverine""","Rob Simonsen","Various Artists","2024-07-24","https://i.scdn.co/image/ab67616d0000b2735d6323062b39dad324dfe5f7","https://p.scdn.co/mp3-preview/309dbbb4b46aa0128c6199857aabed5d05590023?cid=9950ac751e34487dbbe027c4fd7f8e99","2024-07-24T09:05:21Z"
"spotify:track:2MKGrYH1PyPAUKu2Sl8IaT","SLASH (From “Deadpool & Wolverine”)","Stray Kids","Stray Kids","2024-07-23","https://i.scdn.co/image/ab67616d0000b273d5988be7648612aa8dddbf73","https://p.scdn.co/mp3-preview/c1e1b2b1aa96d6e4c5dd86a5f8386fb809225311?cid=9950ac751e34487dbbe027c4fd7f8e99","2024-07-24T09:05:32Z"
"spotify:track:2P884dqfjksDMSzUZksfrS","Hells Bells","AC/DC","AC/DC","1986-05-24","https://i.scdn.co/image/ab67616d0000b273febe8d3decc4565315adff23","https://p.scdn.co/mp3-preview/39e0c72bc828eb5bcc286db8376b2911d8866811?cid=9950ac751e34487dbbe027c4fd7f8e99","2024-07-27T09:41:33Z"
"spotify:track:7wCmS9TTVUcIhRalDYFgPy","Where Is My Mind? - 2007 Remaster","Pixies","Pixies","1988-03-21","https://i.scdn.co/image/ab67616d0000b2738aa545a0ea869940cce358b5","https://p.scdn.co/mp3-preview/03da0b85c9fa2fb5e621e97d4fb145a17aaf7ef1?cid=9950ac751e34487dbbe027c4fd7f8e99","2024-07-30T05:23:16Z"
"spotify:track:0G2QtlKCKNVjWV0qqaUehK","The Kid","MISFIT","MISFIT","2022-10-28","https://i.scdn.co/image/ab67616d0000b273bfb2c6fffc41badb24eb8d58","https://p.scdn.co/mp3-preview/ea36d694d3efe7874981a96b59b9f0c58f3ea2cf?cid=9950ac751e34487dbbe027c4fd7f8e99","2024-08-09T22:50:14Z"
"spotify:track:6aJ90LBl96bly9zuEH1U2X","This Is How We Do It","Montell Jordan","Montell Jordan","2015-09-25","https://i.scdn.co/image/ab67616d0000b273430debb283066ac6725483cf","https://p.scdn.co/mp3-preview/2387825b996ad8f192ad5264875563be4003c703?cid=9950ac751e34487dbbe027c4fd7f8e99","2024-08-09T22:50:54Z"
"spotify:track:23r4WNoHCVaLypbxeHMu8p","What're We Doing Here","ALEXSUCKS","ALEXSUCKS","2023-12-08","https://i.scdn.co/image/ab67616d0000b273df4e853d399401c1662c372b","https://p.scdn.co/mp3-preview/fcd0d1c14dc4ef92e352a9e19fa081585907deac?cid=9950ac751e34487dbbe027c4fd7f8e99","2024-08-09T22:51:29Z"
"spotify:track:1UNIoNxqJlhcUYZzRys7mu","I Know","Janine the Machine","Janine the Machine","2024-06-28","https://i.scdn.co/image/ab67616d0000b273746edf74cf53d5866bd1ea72","https://p.scdn.co/mp3-preview/35b6e820c3fd3e0cdc65b1406a1bfb2c76d82ee2?cid=9950ac751e34487dbbe027c4fd7f8e99","2024-08-09T22:52:49Z"
"spotify:track:1lxaKXyIxvmc9j9WvzdZ5o","Money Life","B. Stew","B. Stew","2024-06-27","https://i.scdn.co/image/ab67616d0000b2733910f6ba9bda3aa31603fce3","https://p.scdn.co/mp3-preview/67af2178b9b8beadb57a207844f1ec1715d34528?cid=9950ac751e34487dbbe027c4fd7f8e99","2024-08-09T22:53:25Z"
"spotify:track:2pAdtQuiEVGr7nOXGiv7t4","If This Is It","Huey Lewis & The News","Huey Lewis & The News","1983","https://i.scdn.co/image/ab67616d0000b273b2859f52c3d6deba5f6abf8c","https://p.scdn.co/mp3-preview/856c0931f32cc15b58cdd696c89984f6fd9e3aa0?cid=9950ac751e34487dbbe027c4fd7f8e99","2024-08-09T22:56:12Z"
"spotify:track:1LURijkmFYhnGtOJY0nXUx","The Lady In Red","Chris de Burgh","Chris de Burgh","1997-01-01","https://i.scdn.co/image/ab67616d0000b2733c0d825a69cf9b70a38dccd8","https://p.scdn.co/mp3-preview/a70a221efa25164fa921b87d252c4b2d8d92d5fe?cid=9950ac751e34487dbbe027c4fd7f8e99","2024-08-09T22:58:54Z"
"spotify:track:0RoA7ObU6phWpqhlC9zH4Z","A Million Dreams","Ziv Zaifman, Hugh Jackman, Michelle Williams","Various Artists","2017-12-08","https://i.scdn.co/image/ab67616d0000b273128057b40732c042c86de1dd","https://p.scdn.co/mp3-preview/3179d0b73264f83a833f8018068343a0b8e9beeb?cid=9950ac751e34487dbbe027c4fd7f8e99","2024-08-09T22:59:37Z"
"spotify:track:3CcvahnsiArpTHYQEWV2Au","Bring Em Out","T.I.","T.I.","2004-11-28","https://i.scdn.co/image/ab67616d0000b273dfe8fee228a1aa9476bced26","https://p.scdn.co/mp3-preview/d3549e2ea5cc7d504e9f9a2de00f09d98de48420?cid=9950ac751e34487dbbe027c4fd7f8e99","2024-08-09T23:00:28Z"
"spotify:track:5G9KcZaxfCysfv4EryCB9b","Hey Mickey","Toni Basil","Toni Basil","2020-01-24","https://i.scdn.co/image/ab67616d0000b273b08e2cc107fa43851506e876","https://p.scdn.co/mp3-preview/677264adb54cf40c6f42d9e4c19e663f8ec59946?cid=9950ac751e34487dbbe027c4fd7f8e99","2024-08-09T23:03:56Z"
"spotify:track:3Jq9rsqmRtqcVKtzP9dnxZ","The Man Comes Around","Johnny Cash","Johnny Cash","2002-01-01","https://i.scdn.co/image/ab67616d0000b2736f4f62da3d811b6501a69ffa","https://p.scdn.co/mp3-preview/deab1956b6e6501b7ff077d8a64f84e94800e94c?cid=9950ac751e34487dbbe027c4fd7f8e99","2024-08-14T16:02:45Z"
"spotify:track:2Wq6zNBpswt49Lf7jaGBaj","Agatha All Along (Dave Audé Remix) - From ""Agatha All Along""","Kristen Anderson-Lopez, Robert Lopez, Dave Audé","Kristen Anderson-Lopez, Robert Lopez","2024-09-06","https://i.scdn.co/image/ab67616d0000b27391afebd2931b140d37549528","https://p.scdn.co/mp3-preview/046be89ba9fb23ad31049c2fe46805dc625f92c4?cid=9950ac751e34487dbbe027c4fd7f8e99","2024-09-07T07:02:51Z"
"spotify:track:3S716tiRBfYEJ8JWRxYwQr","Oh Baby Baby It's a Wild World - Unplugged","Red Illusions","Red Illusions","2015-05-20","https://i.scdn.co/image/ab67616d0000b2731e5ae36ed6c86ad5445ac027","https://p.scdn.co/mp3-preview/946ef02e643a8e7f08ac38ac3e48613decfe71ab?cid=9950ac751e34487dbbe027c4fd7f8e99","2024-09-12T17:37:22Z"
"spotify:track:3olPCgyhtR0i1RXCDi161X","Wild World - Remastered 2020","Yusuf / Cat Stevens","Yusuf / Cat Stevens","2020-12-04","https://i.scdn.co/image/ab67616d0000b273e33202ec41441204bfcf18a5","https://p.scdn.co/mp3-preview/743223ac61ebc07fdf4bd03c3dc389a8a0b8faba?cid=9950ac751e34487dbbe027c4fd7f8e99","2024-09-14T01:26:09Z"
"spotify:track:6MOEQCtAWNSCmvg3SFKF5y","Season of the Witch","Donovan","Donovan","1966-09","https://i.scdn.co/image/ab67616d0000b27332ddd18dc88969d84dbff3ab","https://p.scdn.co/mp3-preview/db56d86bf431903457c9738bd0a8492a71e85413?cid=9950ac751e34487dbbe027c4fd7f8e99","2024-09-19T05:42:35Z"
"spotify:track:4gpiL3yrdumkftl6HvIJlI","Visions","Plastic People","Plastic People","2018-09-28","https://i.scdn.co/image/ab67616d0000b2739a8c1bf3452e150af08fc228","https://p.scdn.co/mp3-preview/438afe1e1de076193cab9ae684d987b59ac7e8df?cid=9950ac751e34487dbbe027c4fd7f8e99","2024-09-19T06:31:27Z"
"spotify:track:5gRAXPKNA8emEiLpSirYTQ","All Odds","Wild Signals","Wild Signals","2020-04-03","https://i.scdn.co/image/ab67616d0000b273bc03b1f8ee1dd0cbe244f689","https://p.scdn.co/mp3-preview/55931c02bac9b6e336670a1995f38fb4dcee1e54?cid=9950ac751e34487dbbe027c4fd7f8e99","2024-09-19T06:31:50Z"
"spotify:track:570PcUO2GclQgSDzURk4TP","Karakoram","Kuljit Singh Bhamra","Kuljit Singh Bhamra","2022-11-12","https://i.scdn.co/image/ab67616d0000b2735ee7e01078ff38476234fc85","https://p.scdn.co/mp3-preview/4bc7d7debf7bf653d126ba6a17bbb7ace2fddec9?cid=9950ac751e34487dbbe027c4fd7f8e99","2024-09-19T06:33:15Z"
"spotify:track:0oM6lPznSLXu0ZlhYfjcum","The Gallery","Wild Signals","Wild Signals","2020-10-02","https://i.scdn.co/image/ab67616d0000b2738252014d9b7d580e2bc2f998","https://p.scdn.co/mp3-preview/7440fc0acc637d4fe6e834898abb8b2197b87c35?cid=9950ac751e34487dbbe027c4fd7f8e99","2024-09-19T06:34:07Z"
"spotify:track:13JG9286axiC4Vf19BXopw","The Ballad of the Witches' Road (True Crime Version)","Matthew Mayfield","Agatha All Along - Cast","2024-09-19","https://i.scdn.co/image/ab67616d0000b273573637527236203682921c47","https://p.scdn.co/mp3-preview/d8d5f1da64431e8ab5ca9c7aae985044db124444?cid=9950ac751e34487dbbe027c4fd7f8e99","2024-09-19T11:43:13Z"
"spotify:track:59h6Uw3m5ClwHnEcKXh8hg","The Ballad of the Witches' Road (Sacred Chant Version)","Kathryn Hahn, Sasheer Zamata, Ali Ahn, Patti LuPone, Debra Jo Rupp, Agatha All Along - Cast","Agatha All Along - Cast","2024-09-19","https://i.scdn.co/image/ab67616d0000b273573637527236203682921c47","https://p.scdn.co/mp3-preview/9505de32b446c18be29e655b16cb28be321d4fd3?cid=9950ac751e34487dbbe027c4fd7f8e99","2024-09-19T11:43:41Z"
"spotify:track:6CFQUEanwUiBxW5rfsh590","Agatha's Theme - From ""Agatha All Along""","Christophe Beck, Michael Paraskevas","Christophe Beck, Michael Paraskevas","2024-09-19","https://i.scdn.co/image/ab67616d0000b27368dcd1b00001b39c9dfaeb7a","https://p.scdn.co/mp3-preview/22dc39607dc20dae145134fc22f6106d49d62600?cid=9950ac751e34487dbbe027c4fd7f8e99","2024-09-20T17:34:07Z"
"spotify:track:2WRFD9WczJ975X2K1Y9YVs","Heads Will Roll","Yeah Yeah Yeahs","Yeah Yeah Yeahs","2009-01-01","https://i.scdn.co/image/ab67616d0000b273e922211eede5ae8017ff802f","https://p.scdn.co/mp3-preview/0ec26f7078e60462e703543483c0a4947737b3d7?cid=9950ac751e34487dbbe027c4fd7f8e99","2024-09-26T01:47:49Z"
"spotify:track:3kInFotzM7fkiYGyjh2248","The Ballad of the Witches' Road (Lorna Wu's Version)","Seo Moon Tak","Agatha All Along - Cast","2024-10-03","https://i.scdn.co/image/ab67616d0000b27337c45c5843a4ff257d4375cd","https://p.scdn.co/mp3-preview/0149ad93d1a4713889cd6273ac0656a5b3f6c8bf?cid=9950ac751e34487dbbe027c4fd7f8e99","2024-10-04T19:57:21Z"
"spotify:track:56tF6msHIT45utWxxVgAT8","The Ballad of the Witches' Road (Cover Version)","Kathryn Hahn, Sasheer Zamata, Ali Ahn, Patti LuPone, Aubrey Plaza, Joe Locke, Agatha All Along - Cast","Agatha All Along - Cast","2024-10-03","https://i.scdn.co/image/ab67616d0000b27337c45c5843a4ff257d4375cd","https://p.scdn.co/mp3-preview/7c301f4181ce1b98c6c9388caec0865e6ac10928?cid=9950ac751e34487dbbe027c4fd7f8e99","2024-10-04T19:57:30Z"
"spotify:track:3XF5xLJHOQQRbWya6hBp7d","you should see me in a crown","Billie Eilish","Billie Eilish","2019-03-29","https://i.scdn.co/image/ab67616d0000b27350a3147b4edd7701a876c6ce","https://p.scdn.co/mp3-preview/6780bddcdc6dde424b31d2018802cc898284346e?cid=9950ac751e34487dbbe027c4fd7f8e99","2024-10-10T01:48:00Z"
"spotify:track:08unC8N1V1dEcqiyi06g6W","Dead of Night","Orville Peck","Orville Peck","2019-03-22","https://i.scdn.co/image/ab67616d0000b273471d881744ac34ebe4eb7636","https://p.scdn.co/mp3-preview/18a2216e5126c7ee50057a9c4b9a8d42b14bf5e7?cid=9950ac751e34487dbbe027c4fd7f8e99","2024-10-17T02:08:36Z"
"spotify:track:20A2Xe76p9wxUFLbbzZjTM","Time in a Bottle","Jim Croce","Jim Croce","1974-09-26","https://i.scdn.co/image/ab67616d0000b273d304904d87ec572f712abc59","https://p.scdn.co/mp3-preview/b3cc786bdfeff7f780aa7d80ff8c22476aa37af2?cid=9950ac751e34487dbbe027c4fd7f8e99","2024-10-24T01:40:19Z"
"spotify:track:1byocrO4uWZ80hlDuKrWwo","Bailando Cumbia","Danny Osuna","Danny Osuna","2014-03-05","https://i.scdn.co/image/ab67616d0000b2734ce9f31da85448556ede8662","https://p.scdn.co/mp3-preview/7ae50ad90e3c65d746f49d64e679aaaf74f94e9b?cid=9950ac751e34487dbbe027c4fd7f8e99","2024-10-25T19:45:46Z"
"spotify:track:5gJKsGij5oGt5H5RSFYXPa","Tequila","The Champs","The Champs","1994-04-19","https://i.scdn.co/image/ab67616d0000b27339cbd37b54526c3328840edf","https://p.scdn.co/mp3-preview/085342e6507ab9202f6b51385e89efd8361e29d3?cid=9950ac751e34487dbbe027c4fd7f8e99","2024-10-25T19:46:44Z"
"spotify:track:4py8spIzvJETEC3srLB0q4","Hold The Line (feat. grandson)","Tom Morello, grandson","Tom Morello","2021-10-15","https://i.scdn.co/image/ab67616d0000b273777fee5550e13707538f037b","https://p.scdn.co/mp3-preview/945e600c625c8eaf537cd9b30bc09c846b5865c7?cid=9950ac751e34487dbbe027c4fd7f8e99","2024-10-25T19:47:09Z"
"spotify:track:0DrDcqWpokMlhKYJSwoT4B","Don't Stop Me Now","Queen","Various Artists","2020-08-10","https://i.scdn.co/image/ab67616d0000b2733040be5087e7d3a5d85315d7","https://p.scdn.co/mp3-preview/c71bc2a031d210d0bd35371426e5128e51ff7544?cid=9950ac751e34487dbbe027c4fd7f8e99","2024-10-25T19:47:41Z"
"spotify:track:7mjSHL2Eb0kAwiKbvNNyD9","Wild World","Yusuf / Cat Stevens","Yusuf / Cat Stevens","1970-11-23","https://i.scdn.co/image/ab67616d0000b273e7248738c2f7ce3b5584b15d","https://p.scdn.co/mp3-preview/239455cdf5e6cc6d9c0aa2c93e2d908bf6425005?cid=9950ac751e34487dbbe027c4fd7f8e99","2024-10-25T19:48:42Z"
"spotify:track:5LDuQkz7AXagY9cosEFHFs","C'est fini","Marie Baraton","Various Artists","2020-03-13","https://i.scdn.co/image/ab67616d0000b273254c5daa235021eb9cfcbe82","https://p.scdn.co/mp3-preview/70e6ddd57ee31a02c2b3340957f36830fed4487d?cid=9950ac751e34487dbbe027c4fd7f8e99","2024-10-25T19:49:39Z"
"spotify:track:3UBZKE16VUDdeZj1VOPL0b","Pas d'ici","Ehla","Ehla","2020-02-28","https://i.scdn.co/image/ab67616d0000b2731a6f43f7ca1d84b9481f222e","https://p.scdn.co/mp3-preview/873634a9e9b344d6026e4eb1476ebae533de864c?cid=9950ac751e34487dbbe027c4fd7f8e99","2024-10-25T19:50:10Z"
"spotify:track:7FXuCkl1kfxwS5icDjTwbM","Hard to Handle","Otis Redding","Otis Redding","2018-05-18","https://i.scdn.co/image/ab67616d0000b273dec4d47f98dc7f1cccbcf6f7","https://p.scdn.co/mp3-preview/76b30e2ffc5e85f14fb2b0eee96dabaebfb0c4b2?cid=9950ac751e34487dbbe027c4fd7f8e99","2024-10-25T19:50:36Z"
"spotify:track:46VnIazlvGD1jyy1IygMqz","Luck Be A Lady - 2008 Remastered","Frank Sinatra","Frank Sinatra","2008-05-13","https://i.scdn.co/image/ab67616d0000b273b81d66d1416afa139d12767b","https://p.scdn.co/mp3-preview/95ddb2d4c3f6ab94631cff3f7fcc2f5127d7cd69?cid=9950ac751e34487dbbe027c4fd7f8e99","2024-10-25T19:51:22Z"
"spotify:track:7EtMa8eHEOfvh1ANRHQ9uh","For Sure","Future Islands","Future Islands","2020-10-09","https://i.scdn.co/image/ab67616d0000b273c3db86916f15a94770bb9b25","https://p.scdn.co/mp3-preview/d9a8d8baff764125602022781655f1113700c923?cid=9950ac751e34487dbbe027c4fd7f8e99","2024-10-25T19:51:44Z"
"spotify:track:6gOQn0l2ADw08mhDRO5caB","The Call","Oh\, Rose","Oh\, Rose","2024-06-13","https://i.scdn.co/image/ab67616d0000b27377e5344102f1b53167885faa","https://p.scdn.co/mp3-preview/3751d4a2dce23144dc49de4878bdcd65f3f7c5b9?cid=9950ac751e34487dbbe027c4fd7f8e99","2024-10-25T19:52:15Z"
"spotify:track:3ceHbdWHSg4IDQ0gdVv0Wr","Dancing Queen - Chris Varvaro 2024 Remix","A*Teens, Chris Varvaro","A*Teens","2024-10-25","https://i.scdn.co/image/ab67616d0000b27366c9e5ef6cf0b95d5db5b658","https://p.scdn.co/mp3-preview/764f2c085837bb42db0618bc979b9224fde33be4?cid=9950ac751e34487dbbe027c4fd7f8e99","2024-10-25T19:52:48Z"
"spotify:track:0GjEhVFGZW8afUYGChu3Rr","Dancing Queen","ABBA","ABBA","1976","https://i.scdn.co/image/ab67616d0000b27370f7a1b35d5165c85b95a0e0","https://p.scdn.co/mp3-preview/1116076e3d1538852d6605ada1fd7130c8fc75a5?cid=9950ac751e34487dbbe027c4fd7f8e99","2024-10-25T19:53:07Z"
"spotify:track:4cktbXiXOapiLBMprHFErI","Memories","Maroon 5","Maroon 5","2021-06-11","https://i.scdn.co/image/ab67616d0000b27386a8ab515de4b7aef28cd631","https://p.scdn.co/mp3-preview/e0faeb5bd806d8c5673114e2aa9c57f72dd6330a?cid=9950ac751e34487dbbe027c4fd7f8e99","2024-10-25T19:53:52Z"
"spotify:track:4vJk5lD1Lk89jgBOk8E7zK","One Last Dance (From ""Venom: The Last Dance"")","Tom Morello, grandson, Roman Morello","Tom Morello, grandson, Roman Morello","2024-10-25","https://i.scdn.co/image/ab67616d0000b273b9b16face08647afd0f14261","https://p.scdn.co/mp3-preview/9c6201224e9f86be3635010109142bd70832fffe?cid=9950ac751e34487dbbe027c4fd7f8e99","2024-10-25T19:55:36Z"
"spotify:track:7221xIgOnuakPdLqT0F3nP","I Had Some Help (Feat. Morgan Wallen)","Post Malone, Morgan Wallen","Post Malone, Morgan Wallen","2024-05-10","https://i.scdn.co/image/ab67616d0000b27397306976e3eb8aad53b754eb","https://p.scdn.co/mp3-preview/add475b56582a3bdad79050e5d170d2d7033cdb5?cid=9950ac751e34487dbbe027c4fd7f8e99","2024-10-25T19:56:15Z"
"spotify:track:1qJvV0jip3tPLI2Fpx8grp","2Face - Venom: The Last Dance","ian","ian","2024-03-29","https://i.scdn.co/image/ab67616d0000b273f49fb87c9565b357a64aac86","https://p.scdn.co/mp3-preview/83db2837c18ea46f87520ee9d536218dc1d41c69?cid=9950ac751e34487dbbe027c4fd7f8e99","2024-10-25T19:57:00Z"
"spotify:track:7v3chKWVHNbrGACa8ilNeP","The Ballad of the Witches' Road (Pop Version) - From ""Agatha All Along""/Soundtrack Version","Japanese Breakfast","Japanese Breakfast","2024-10-18","https://i.scdn.co/image/ab67616d0000b273cfbcc67f6dc7100165b2b114","https://p.scdn.co/mp3-preview/16567063affea42499df415edfdd1d9df8b420e0?cid=9950ac751e34487dbbe027c4fd7f8e99","2024-10-31T02:34:33Z"
"spotify:track:4KARPv2vlrhm11zBaetYxx","The Ballad of the Witches' Road (Nicky's Version)","Agatha All Along - Cast","Kristen Anderson-Lopez, Robert Lopez, Christophe Beck","2024-11-01","https://i.scdn.co/image/ab67616d0000b273f6b5eca2269e8990ea52a738","https://p.scdn.co/mp3-preview/56a54df1e8db7465634458a33752077fc595a0bb?cid=9950ac751e34487dbbe027c4fd7f8e99","2024-11-05T04:43:17Z"
"spotify:track:7dPnilNKhKajkUxsZg69T5","The Ballad of the Witches' Road (Agatha Through Time Version)","Kathryn Hahn, Sasheer Zamata, Ali Ahn, Patti LuPone, Agatha All Along - Cast","Kristen Anderson-Lopez, Robert Lopez, Christophe Beck","2024-11-01","https://i.scdn.co/image/ab67616d0000b273f6b5eca2269e8990ea52a738","https://p.scdn.co/mp3-preview/60286f1bef54018ddb2c1ec2bd3e32f0d1b07480?cid=9950ac751e34487dbbe027c4fd7f8e99","2024-11-05T04:43:54Z"
"spotify:track:75LP4DCV9N0qBJsmrlucph","Knull & Void","CZARFACE, Frankie Pulitzer, Method Man","CZARFACE","2024-10-31","https://i.scdn.co/image/ab67616d0000b2731e6f2540063f82b8eb45ef00","https://p.scdn.co/mp3-preview/031ec71547c9fe3e77a9be24bd9e1d8fbd5fd9dd?cid=9950ac751e34487dbbe027c4fd7f8e99","2024-11-05T04:49:30Z"
"spotify:track:56SkdBKyR2zOkjk6wVFI9s","Possum Kingdom","Toadies","Toadies","1994-01-01","https://i.scdn.co/image/ab67616d0000b27385fb885d41591752340eeccc","https://p.scdn.co/mp3-preview/8da7cd4ed581d56dc09d19583876967f73edc443?cid=9950ac751e34487dbbe027c4fd7f8e99","2024-11-14T08:28:19Z"
"spotify:track:0ieEH6nBmbgXUzV7sIqMdA","Hymn To Red October (Main Title)","Basil Poledouris","Basil Poledouris","1990-01-01","https://i.scdn.co/image/ab67616d0000b273014c98205a85bcf074d00e42","https://p.scdn.co/mp3-preview/f56adb8ed093bdc5d588d8bd8e7456e12f716fd1?cid=9950ac751e34487dbbe027c4fd7f8e99","2024-12-14T03:40:08Z"
"spotify:track:5Ohxk2dO5COHF1krpoPigN","Sign of the Times","Harry Styles","Harry Styles","2017-05-12","https://i.scdn.co/image/ab67616d0000b2736c619c39c853f8b1d67b7859","https://p.scdn.co/mp3-preview/3f885fdef493aadb403fc2657a605d2f5623b111?cid=9950ac751e34487dbbe027c4fd7f8e99","2024-12-14T03:55:58Z"
"spotify:track:0LrwgdLsFaWh9VXIjBRe8t","Changes - 2015 Remaster","David Bowie","David Bowie","1971-12-17","https://i.scdn.co/image/ab67616d0000b273e464904cc3fed2b40fc55120","https://p.scdn.co/mp3-preview/169c24f8dec808a59b1d58d0611d269cc88175fc?cid=9950ac751e34487dbbe027c4fd7f8e99","2024-12-25T06:35:42Z"
"spotify:track:3QKaf1BKP7Th6IQJX8FhuJ","They Can't Take That Away From Me","Tony Bennett","Tony Bennett","1967","https://i.scdn.co/image/ab67616d0000b2731e7f3bc63b7fbe3a7317114b","https://p.scdn.co/mp3-preview/052110129f15e783b17d4d81f431cbeea933c6e5?cid=9950ac751e34487dbbe027c4fd7f8e99","2024-12-25T06:36:02Z"
"spotify:track:5Xx8krVxg1pRy6CXieB7FS","No Good","KALEO, Vinyl on HBO","KALEO","2015-08-05","https://i.scdn.co/image/ab67616d0000b273900e3c02cff2c944352c11a0","https://p.scdn.co/mp3-preview/de80ecf4d903c24e9c9bcb7a042925bc647cc54c?cid=9950ac751e34487dbbe027c4fd7f8e99","2024-12-25T06:38:13Z"
"spotify:track:1QkvrvZ8WsIjILs2EycSVe","Wonderland","Reem","Reem","2024-10-04","https://i.scdn.co/image/ab67616d0000b27335ab99bbab7e921ad6a3aa66","https://p.scdn.co/mp3-preview/167d16402b03623a14c2378eb4ec07357d4b56b1?cid=9950ac751e34487dbbe027c4fd7f8e99","2024-12-25T06:38:36Z"
"spotify:track:57sDtH9dknl9YHqNgmMWS0","Get Away","Tony K","Tony K","2024-11-15","https://i.scdn.co/image/ab67616d0000b2735cbceba46a68b4fbf6fb8e73","https://p.scdn.co/mp3-preview/b84cc2ea4299e04c571d38ab60bd478c20f6587e?cid=9950ac751e34487dbbe027c4fd7f8e99","2024-12-25T06:38:54Z"
"spotify:track:1BP0X7DsGaBYURAho35b3H","Bad Energy","Reem","Reem","2024-05-15","https://i.scdn.co/image/ab67616d0000b273ba9549b4219e965103307501","https://p.scdn.co/mp3-preview/3b58ab9b9bdda90028813bcc0fe689bc74be479d?cid=9950ac751e34487dbbe027c4fd7f8e99","2024-12-25T06:40:52Z"
"spotify:track:3f4fc8c8unrQeKecmUPEDR","Warriors","League of Legends, 2WEI, Edda Hayes","League of Legends, 2WEI, Edda Hayes","2020-01-10","https://i.scdn.co/image/ab67616d0000b273f8fa082806184fcb032d8e0a","https://p.scdn.co/mp3-preview/45ab2d9b7857fc872ee5d65bb4524f89866b46e9?cid=9950ac751e34487dbbe027c4fd7f8e99","2024-12-25T06:41:18Z"
"spotify:track:7fnxvHVAZQkFFThzq8hwSP","Lie","Reem","Reem","2023-06-16","https://i.scdn.co/image/ab67616d0000b2730f6ba87b122b4c2fc4272bb7","https://p.scdn.co/mp3-preview/3f7eb912054abb23c26a016904ff5377884bf6c9?cid=9950ac751e34487dbbe027c4fd7f8e99","2024-12-25T06:41:38Z"
"spotify:track:31ABtQJdfloNaGz7ZhXaN5","King","Florence + The Machine","Florence + The Machine","2022-05-13","https://i.scdn.co/image/ab67616d0000b2735fd9e21618182df7d70b2186","https://p.scdn.co/mp3-preview/adf1c266b2ab30657fc0ae7db35af71e2428b805?cid=9950ac751e34487dbbe027c4fd7f8e99","2024-12-25T06:41:58Z"
"spotify:track:0MENcfdtQQMTlepBOQGIZ8","Lead the Way","Reem","Reem","2022-11-26","https://i.scdn.co/image/ab67616d0000b273e4ae67c85900579a51a1d03b","https://p.scdn.co/mp3-preview/e512fdf24c3139cb2acf5efc3df4cef120e99744?cid=9950ac751e34487dbbe027c4fd7f8e99","2024-12-25T06:42:17Z"
"spotify:track:65zumsbNaHUTZACGx9Q0lv","Victory","Tony K","Tony K","2024-09-06","https://i.scdn.co/image/ab67616d0000b2730416dc09a4f74396ca7600ea","https://p.scdn.co/mp3-preview/3ebfca67a279426f27845e0462beb09784485016?cid=9950ac751e34487dbbe027c4fd7f8e99","2024-12-25T06:42:38Z"
"spotify:track:16tvIGzCNfRLVbm8G39DDo","The Seed","AURORA","AURORA","2019-06-07","https://i.scdn.co/image/ab67616d0000b273ddc43da988dc80fac12c53ac","https://p.scdn.co/mp3-preview/23a8772cb1a65ebafd7e10455ec8ee6f806d0241?cid=9950ac751e34487dbbe027c4fd7f8e99","2024-12-25T06:42:57Z"
"spotify:track:5ZMHnB4gWl05GKKGZA7M2U","Trips","Reem","Reem","2021-05-07","https://i.scdn.co/image/ab67616d0000b273a8ee04cdd9c7e343caefe02f","https://p.scdn.co/mp3-preview/d23d968b0a0ddc5d5561997092e9d6e5605ea761?cid=9950ac751e34487dbbe027c4fd7f8e99","2024-12-25T06:43:18Z"
"spotify:track:6jXPZid0KLorvgIDP6TiSo","God's Gonna Cut You Down","Johnny Cash","Johnny Cash","2006-01-01","https://i.scdn.co/image/ab67616d0000b27390c9072fbd484299e0f624ca","https://p.scdn.co/mp3-preview/8613f224f6c696bd2ec353ba814321cdf16a48d2?cid=9950ac751e34487dbbe027c4fd7f8e99","2024-12-25T06:43:34Z"
"spotify:track:2o1fsMQIOiUIataJ8l8a3A","Villain","Tony K, Reem","Tony K","2024-06-12","https://i.scdn.co/image/ab67616d0000b2731804c53d8bc1a767e4fb9a60","https://p.scdn.co/mp3-preview/d3dd3276e94cf03db4059ae6d88bbe7809a21fad?cid=9950ac751e34487dbbe027c4fd7f8e99","2024-12-25T06:43:52Z"
"spotify:track:1NBoGIIGzCvYKRgAQrIMBA","Only One","Reem","Reem","2019-10-25","https://i.scdn.co/image/ab67616d0000b273f1a056e352603bced678ddeb","https://p.scdn.co/mp3-preview/2db16d15351b5569d2158fcf634706d00edad369?cid=9950ac751e34487dbbe027c4fd7f8e99","2024-12-25T06:44:17Z"
"spotify:track:4tViDtaHuSLnh7HVJTrKhs","Power Over Me","Dermot Kennedy","Dermot Kennedy","2019-10-04","https://i.scdn.co/image/ab67616d0000b273c9fec49c8930fb10e4756dfe","https://p.scdn.co/mp3-preview/c394c77ce7b099eac0fac80cabaff19b186d83cb?cid=9950ac751e34487dbbe027c4fd7f8e99","2024-12-25T06:44:33Z"
"spotify:track:1WNaeWDRjdDpcEFe5T1fAZ","Right Now","Tony K","Tony K","2023-09-27","https://i.scdn.co/image/ab67616d0000b273c7ba0412b609d89b1e00b796","https://p.scdn.co/mp3-preview/b6b46ffb33fc025742ee5ca8cd50a3d68933bf1a?cid=9950ac751e34487dbbe027c4fd7f8e99","2024-12-25T06:44:52Z"
"spotify:track:0y1QJc3SJVPKJ1OvFmFqe6","Way down We Go","KALEO","KALEO","2016-06-10","https://i.scdn.co/image/ab67616d0000b273f793a842c1642b09a768a63b","https://p.scdn.co/mp3-preview/02fd29df3617481c4f974279aea5ffea9c9ba0fd?cid=9950ac751e34487dbbe027c4fd7f8e99","2024-12-25T06:45:20Z"
"spotify:track:0KVgoNHUdfWx90PD70HkM9","Higher","Reem","Reem","2018-08-22","https://i.scdn.co/image/ab67616d0000b27319f8901eef9f26783cf61037","https://p.scdn.co/mp3-preview/58b03117e1abcc60a5a4353cfcd153e77f80eff8?cid=9950ac751e34487dbbe027c4fd7f8e99","2024-12-25T06:45:38Z"
"spotify:track:2kP1ujXHn0mNqFbiT3zob8","What Kind Of Man","Florence + The Machine","Florence + The Machine","2015-05-29","https://i.scdn.co/image/ab67616d0000b2737f89eb18e64f268561d81c42","https://p.scdn.co/mp3-preview/ab5ff2e8c5c44993f0e525dab2910c86f66609c5?cid=9950ac751e34487dbbe027c4fd7f8e99","2024-12-25T06:45:58Z"
"spotify:track:5ne3rgAhc9H6DmaXcadkTd","Island","Tony K","Tony K","2023-07-21","https://i.scdn.co/image/ab67616d0000b273701c504364ab90ab9aa3e8ec","https://p.scdn.co/mp3-preview/51b931c042f3b2def35296979d4b9990572f51fb?cid=9950ac751e34487dbbe027c4fd7f8e99","2024-12-25T06:46:14Z"
"spotify:track:0SFq19lgG4qbQAZaNZ3xhO","Movement","Hozier","Hozier","2019-03-01","https://i.scdn.co/image/ab67616d0000b273299e8e9983e2b0455e5e8505","https://p.scdn.co/mp3-preview/5eb566c94fb94595bcac3858329a730d883341b3?cid=9950ac751e34487dbbe027c4fd7f8e99","2024-12-25T06:46:29Z"
"spotify:track:2DMczojxJDReZrmo9ki2ns","No Problem","Tony K","Tony K","2023-03-17","https://i.scdn.co/image/ab67616d0000b273116e1e7b2723ddf1cb950d85","https://p.scdn.co/mp3-preview/f68b132a9c1c9a5006e8cf3bf9110148c4a3f43a?cid=9950ac751e34487dbbe027c4fd7f8e99","2024-12-25T06:46:52Z"
"spotify:track:3gFS9CKU70Wm7vAoA0O1uW","Hard Time","Seinabo Sey","Seinabo Sey","2015-10-23","https://i.scdn.co/image/ab67616d0000b2730e489f9cd0f28b3ca56b2191","https://p.scdn.co/mp3-preview/1c2c623e7738967b11c32e823d7f466a09662557?cid=9950ac751e34487dbbe027c4fd7f8e99","2024-12-25T06:47:10Z"
"spotify:track:5jltIkTW37THcMzbk5ck7U","Racing","Tony K","Tony K","2022-11-30","https://i.scdn.co/image/ab67616d0000b273d2563d64f8de2964b42c12f5","https://p.scdn.co/mp3-preview/588a4f6c6537e2c852812e5a6faaa2c718c7e502?cid=9950ac751e34487dbbe027c4fd7f8e99","2024-12-25T06:47:31Z"
"spotify:track:4yffABDkB5A9flvr9vQFck","Howlin' for You","The Black Keys","The Black Keys","2020-12-18","https://i.scdn.co/image/ab67616d0000b2736e4e600f0885f93e48d8d49f","https://p.scdn.co/mp3-preview/e67cee2f2b90c1ece56ed686e299e4e8e57b1a36?cid=9950ac751e34487dbbe027c4fd7f8e99","2024-12-25T06:47:53Z"
"spotify:track:1qL3waYvRD5xns4ZQu2DaS","Come out with Me","Aaron Kaplan, Eric Holden","Aaron Kaplan","2021-03-03","https://i.scdn.co/image/ab67616d0000b2736d34f7aee8456edd0fce0dd8","https://p.scdn.co/mp3-preview/09d04640e71251fb06d83ddd249ab0c23fb7a663?cid=9950ac751e34487dbbe027c4fd7f8e99","2024-12-25T07:25:47Z"
"spotify:track:2NZqKVd0zYGeQmCrpBYF1o","On the Road","The Red Army Choir","The Red Army Choir","2009-12-07","https://i.scdn.co/image/ab67616d0000b27333f6ecba8b25a4cd94ec7451","https://p.scdn.co/mp3-preview/b409aa53566603a4d618a137fd1f39430d6341f8?cid=9950ac751e34487dbbe027c4fd7f8e99","2024-12-25T07:26:12Z"
"spotify:track:7pBg0xXqaZslDaSo2I9a8t","The Cuckoo","Ural Cossacks Choir","Ural Cossacks Choir","1988","https://i.scdn.co/image/ab67616d0000b27312a8b539910efe1c383493d7","https://p.scdn.co/mp3-preview/39b89fff71650937321376f3100ea8e330123529?cid=9950ac751e34487dbbe027c4fd7f8e99","2024-12-25T07:28:44Z"
"spotify:track:07q0QVgO56EorrSGHC48y3","I Was Made For Lovin' You","KISS","KISS","1979-03-23","https://i.scdn.co/image/ab67616d0000b2734384b6976cadaec272114022","https://p.scdn.co/mp3-preview/b1b157ab314c7b457e21318a7035c6a44555f1b7?cid=9950ac751e34487dbbe027c4fd7f8e99","2024-12-25T14:23:28Z"
"spotify:track:0QFGDDlOD0rajqe6Fg2hi5","What I Feel","Pony Pony Run Run","Pony Pony Run Run","2009-11-30","https://i.scdn.co/image/ab67616d0000b27330cab4148b3c1aefa5ba8312","https://p.scdn.co/mp3-preview/e5ead7eea8246e074612553876f35c4eb34b52ae?cid=9950ac751e34487dbbe027c4fd7f8e99","2025-01-30T03:37:35Z"
"spotify:track:2wogAW9Yxufq70Gsa4WxN7","Neighbor Like Me - From ""Your Friendly Neighborhood Spider-Man""","The Math Club, Relaye, Melo Makes Music","The Math Club","2025-01-22","https://i.scdn.co/image/ab67616d0000b2731ed65fff0da6f0981f78b9f9","https://p.scdn.co/mp3-preview/e28f93ead400724c3a2f0229cdb792ecca432788?cid=9950ac751e34487dbbe027c4fd7f8e99","2025-01-30T03:44:15Z"
"spotify:track:6cTtYJfqMckX2720swzXeY","Say Hey","Outasight","Outasight","2020-06-26","https://i.scdn.co/image/ab67616d0000b273c1b9d1808cfcae85945d0d8e","https://p.scdn.co/mp3-preview/b30b5c63a1f664611a3c3aed8eb3a318195a070f?cid=9950ac751e34487dbbe027c4fd7f8e99","2025-01-30T03:46:46Z"
"spotify:track:5izHIxxIkjPJh3lP0H4KcR","Left Hand Free","alt-J","alt-J","2014-07-07","https://i.scdn.co/image/ab67616d0000b273caa4484de5d8d0f80f8e050f","https://p.scdn.co/mp3-preview/5927887ad41b7d666f7dea5040dce10ed973b353?cid=9950ac751e34487dbbe027c4fd7f8e99","2025-01-30T04:08:19Z"
"spotify:track:3108cYkwuGKiEjozPwd20M","Hello","The Mondays, LiTTiE","The Mondays, LiTTiE","2023-06-16","https://i.scdn.co/image/ab67616d0000b2730f7c0dbb93f696b9313743de","https://p.scdn.co/mp3-preview/c2c9ec76a0a66318488eb7de1baf229add17a39d?cid=9950ac751e34487dbbe027c4fd7f8e99","2025-01-30T04:27:23Z"
"spotify:track:3BrWLBC4WYx393yRUOlTih","Meet Me At Our Spot - Live","THE ANXIETY, WILLOW, Tyler Cole","THE ANXIETY, WILLOW, Tyler Cole","2021-10-22","https://i.scdn.co/image/ab67616d0000b2734c661ea593496e940bc2965b","https://p.scdn.co/mp3-preview/04d60e9ed33bb048988b8761040a25bf97b92b91?cid=9950ac751e34487dbbe027c4fd7f8e99","2025-01-30T04:44:21Z"
"spotify:track:5ANpNeqdGJCVdPLFBOxmqC","ALREADY","WHATUPRG","WHATUPRG","2022-09-30","https://i.scdn.co/image/ab67616d0000b273e298c3c8b12692b893571f1e","https://p.scdn.co/mp3-preview/13ab77c513edbe81ccedf243573d04cd2438be36?cid=9950ac751e34487dbbe027c4fd7f8e99","2025-02-05T08:36:39Z"
"spotify:track:4o9ikqSCfPCVGtk0j8Jwhs","Lotto","T. Flex","T. Flex","2019-06-05","https://i.scdn.co/image/ab67616d0000b2732752583f97c7cd768dc82830","https://p.scdn.co/mp3-preview/afc3355eaf3ed5a635c68fcf07ace3a7d731814a?cid=9950ac751e34487dbbe027c4fd7f8e99","2025-02-05T08:39:07Z"
"spotify:track:1PDAEpGPDZ0QGWNt3C5Dck","Memories","Ayra Starr","Ayra Starr","2021-01-22","https://i.scdn.co/image/ab67616d0000b273d8d22850fddea76b01274e01","https://p.scdn.co/mp3-preview/9ec71564cbd66b054b0ff3601ac5d6ce82ca4a81?cid=9950ac751e34487dbbe027c4fd7f8e99","2025-02-05T08:49:36Z"
"spotify:track:1gROJocEVeWQ16bCKzLcle","Nos Vamos De Fiesta","Roberto Castro, 2 Swift","Various Artists","2020-02-19","https://i.scdn.co/image/ab67616d0000b273893b8e9bce542e6999f6036f","https://p.scdn.co/mp3-preview/0ea339acce1037c96b97c85dda0f90490e598cba?cid=9950ac751e34487dbbe027c4fd7f8e99","2025-02-05T08:56:51Z"
"spotify:track:17aDyX39gb1iV1ZWvD1ffE","High","Sir Sly","Sir Sly","2017-06-30","https://i.scdn.co/image/ab67616d0000b273afffc8aea37762b4daa91e8b","https://p.scdn.co/mp3-preview/68000e15f4dab85d89ecf42b4f5ce9176b30a0f8?cid=9950ac751e34487dbbe027c4fd7f8e99","2025-02-05T09:03:40Z"
"spotify:track:1wlXIx0K1lTCvgILN2dUrX","Hell Yeah","Old Man Saxon","Old Man Saxon","2021-06-18","https://i.scdn.co/image/ab67616d0000b273a5febd10fe89b527303f48eb","https://p.scdn.co/mp3-preview/eefb74267c253862fcc4c93b2b39b404c53f5293?cid=9950ac751e34487dbbe027c4fd7f8e99","2025-02-05T09:41:45Z"
"spotify:track:3X7uFMzJrEE0sxn62qd8Ch","Nothing's Gonna Stop Us Now","Starship","Starship","1987-07-27","https://i.scdn.co/image/ab67616d0000b273377198e5b790b5ebf137bd83","https://p.scdn.co/mp3-preview/a17faa3145693e235f6eaddd17debde84dd503eb?cid=9950ac751e34487dbbe027c4fd7f8e99","2025-02-11T04:19:58Z"
"spotify:track:6tqxGn7fhzxNN2VWtwkYrB","don't leave me behind","swim school","swim school","2023-04-05","https://i.scdn.co/image/ab67616d0000b273eba4d4e740c1ff1e36e21e7d","https://p.scdn.co/mp3-preview/92aad00c9a18581eefd6edb7e9e4f341b05ee9a0?cid=9950ac751e34487dbbe027c4fd7f8e99","2025-02-12T09:20:54Z"
"spotify:track:0KtAetGQ1wMH3NoOIVWoO3","Gunz & Butter","Hannibal Stax & Marco Polo, Hannibal Stax, Marco Polo","Hannibal Stax & Marco Polo, Hannibal Stax, Marco Polo","2013-05-07","https://i.scdn.co/image/ab67616d0000b27302181d3aa7f19778abefcb84","https://p.scdn.co/mp3-preview/2bc44bb35e25d64735de0631ebbd07b39d0db250?cid=9950ac751e34487dbbe027c4fd7f8e99","2025-02-12T09:34:52Z"
"spotify:track:7wdzLe2Gsx1RGqbvYZHASz","i","Kendrick Lamar","Kendrick Lamar","2014-09-23","https://i.scdn.co/image/ab67616d0000b2736d89f336fbfbdf2089701da0","https://p.scdn.co/mp3-preview/9b801f923f42521166a0c4c1b531670b64558725?cid=9950ac751e34487dbbe027c4fd7f8e99","2025-02-12T17:35:34Z"
"spotify:track:550JPXXPgjr1xqxtKIaX6b","Ante Up (Robbin Hoodz Theory)","M.O.P.","M.O.P.","2000-08-29","https://i.scdn.co/image/ab67616d0000b27399d5e13356b05f244af52d78","https://p.scdn.co/mp3-preview/b08d5f7805fa0511bd5e02d815c712d3903c17d4?cid=9950ac751e34487dbbe027c4fd7f8e99","2025-02-12T17:37:00Z"
"spotify:track:6qZjm61s6u8Ead9sWxCDro","Elephant","Tame Impala","Tame Impala","2012-01-01","https://i.scdn.co/image/ab67616d0000b273370c12f82872c9cfaee80193","https://p.scdn.co/mp3-preview/e2892d09a5d337ed85a23ccbca9c8dcdd30905ee?cid=9950ac751e34487dbbe027c4fd7f8e99","2025-02-12T17:38:53Z"
"spotify:track:7MWUY2ql31F0wVmNVtxvyI","Natural Born Winner","Ziggy Sullivin","Ziggy Sullivin","2022-09-21","https://i.scdn.co/image/ab67616d0000b273585054a5e5ee76172bb0a60e","https://p.scdn.co/mp3-preview/e346064621c473a73c2f3688b5a8a373c344c587?cid=9950ac751e34487dbbe027c4fd7f8e99","2025-02-12T17:39:36Z"
"spotify:track:3il701HwcoldhoHWz1nI8C","Get It Done","Blackway","Blackway","2022-09-30","https://i.scdn.co/image/ab67616d0000b2733e7af710ea5935083b6d0571","https://p.scdn.co/mp3-preview/67a87bb4b6f0f74b4a8762fa10cebe8948a4c68d?cid=9950ac751e34487dbbe027c4fd7f8e99","2025-02-12T17:40:26Z"
"spotify:track:6bnFjTW3EnMG4BwreDnSHK","Mr. Blue","The Fleetwoods","The Fleetwoods","1993-01-01","https://i.scdn.co/image/ab67616d0000b27337558b80ccddb88af1817ccd","https://p.scdn.co/mp3-preview/199a5d01dfabd2a4c86b8ad70ed68fba284d099a?cid=9950ac751e34487dbbe027c4fd7f8e99","2025-02-12T17:41:06Z"
"spotify:track:0fX4oNGBWO3dSGUZcVdVV2","N95","Kendrick Lamar","Kendrick Lamar","2022-05-13","https://i.scdn.co/image/ab67616d0000b2732e02117d76426a08ac7c174f","https://p.scdn.co/mp3-preview/d5d77f460ea4285f30f1d06d455d45a3d984454c?cid=9950ac751e34487dbbe027c4fd7f8e99","2025-02-12T17:42:37Z"
"spotify:track:39CFOvYse9fcMhIwyS73Fl","Into My Arms","Nick Cave & The Bad Seeds","Nick Cave & The Bad Seeds","1997-03-03","https://i.scdn.co/image/ab67616d0000b27388f436c4a60e459f793f7b74","https://p.scdn.co/mp3-preview/3129c67e60f0a5a5f478b2be5df10d3fd025d15c?cid=9950ac751e34487dbbe027c4fd7f8e99","2025-03-05T02:32:40Z"
"spotify:track:7E8Wx3g8Oi9zqYgXvFPbtJ","I Looked All over Town","The Magnetic Fields","The Magnetic Fields","2004-05-03","https://i.scdn.co/image/ab67616d0000b273a330cb27d4c507c5eb6c9863","https://p.scdn.co/mp3-preview/a14b12188bc2675dbf445281acb042a82e34ae7c?cid=9950ac751e34487dbbe027c4fd7f8e99","2025-03-05T02:48:40Z"
"spotify:track:0A0RBBTrgfq9eClnw6ZXT7","Future Starts Slow","The Kills","The Kills","2011-04-04","https://i.scdn.co/image/ab67616d0000b273268ac130dd5ca689d21cea43","https://p.scdn.co/mp3-preview/31045c65844b9e197baf9916469c8062f4e8b6ad?cid=9950ac751e34487dbbe027c4fd7f8e99","2025-03-05T03:17:26Z"
"spotify:track:38xewDQQ9K0YSOhdVXhIeQ","Headliner","Tyrone Briggs","Tyrone Briggs","2022-12-26","https://i.scdn.co/image/ab67616d0000b27359e7bff13528f8cef75b0746","https://p.scdn.co/mp3-preview/6c6245c1222e55dd18084df16ca5053341736fad?cid=9950ac751e34487dbbe027c4fd7f8e99","2025-03-05T03:17:53Z"
"spotify:track:0ezzWICtulzrOkqluO3g8q","Makes Me Wonder","Caleb Elliott","Caleb Elliott","2019-03-08","https://i.scdn.co/image/ab67616d0000b2738f798d3fa82a88dcfbe2fa84","https://p.scdn.co/mp3-preview/0a5fb121474288a66ee47733f3d0571a0eacb102?cid=9950ac751e34487dbbe027c4fd7f8e99","2025-03-05T03:18:53Z"
"spotify:track:1RzJ37KMEmEcxtp3SC4WFl","Staring at the Sun","TV On The Radio","TV On The Radio","2003-07-08","https://i.scdn.co/image/ab67616d0000b2732719ce633a6c9a4b13b1f918","https://p.scdn.co/mp3-preview/3d0703026ee315e6dce325569939f595e6b5229d?cid=9950ac751e34487dbbe027c4fd7f8e99","2025-03-05T03:19:10Z"
"spotify:track:1JcGNoiwifg0MdJMVgJQYx","Get Free","The Vines","The Vines","2002-01-01","https://i.scdn.co/image/ab67616d0000b2737135d37ce920db353f813f32","https://p.scdn.co/mp3-preview/7ed359fac5da89c73c492330a81ecec52bd8b473?cid=9950ac751e34487dbbe027c4fd7f8e99","2025-03-05T04:05:04Z"
"spotify:track:0pWdgChES9WKd6GdlaHCvQ","Cashmere","TENTS","TENTS","2019-10-11","https://i.scdn.co/image/ab67616d0000b2730cc4875fe9ab6fdecec69d51","https://p.scdn.co/mp3-preview/f1743c18aca09ccbcc87eb01bb03a5f921e40caf?cid=9950ac751e34487dbbe027c4fd7f8e99","2025-03-05T04:07:02Z"
"spotify:track:1lCUpDFOigTJLILMBeQd8r","El Party","LA EQUIS","LA EQUIS","2022-05-20","https://i.scdn.co/image/ab67616d0000b273a75760683059055c3c01c8ce","https://p.scdn.co/mp3-preview/e5714f30c8b1e95b17c9b5f3d1b7731d7642699b?cid=9950ac751e34487dbbe027c4fd7f8e99","2025-03-05T04:09:19Z"
"spotify:track:5jmLgMkstgu4SB9HztPc7Y","Mi Canto","Salvi, Yuly, Franklin Dam, Sitofonk","Salvi, Yuly, Franklin Dam","2025-03-10","https://i.scdn.co/image/ab67616d0000b2738691948bc3c2ae39061a7d79","https://p.scdn.co/mp3-preview/6e851b273ee8fc9fc3ff80e117bb59e50e4a9d5c?cid=9950ac751e34487dbbe027c4fd7f8e99","2025-03-12T02:31:24Z"
"spotify:track:6TcxxINfeaBEQ35sHMldTD","Dreams Tonite","Alvvays","Alvvays","2017-09-08","https://i.scdn.co/image/ab67616d0000b27391390d24abb65f6fae0323f0","https://p.scdn.co/mp3-preview/0514bf0b0935a456f7e1326e654e1a8446749901?cid=9950ac751e34487dbbe027c4fd7f8e99","2025-03-12T02:31:57Z"
"spotify:track:12GarzM4HiVj6qtWCC8GyN","Crionics","Slayer","Slayer","1983-12-03","https://i.scdn.co/image/ab67616d0000b27309f13998cfda5cdaf484f051","https://p.scdn.co/mp3-preview/cea40ddf78e7502eadcd6fbf763c00cc9277036a?cid=9950ac751e34487dbbe027c4fd7f8e99","2025-03-12T02:32:16Z"
"spotify:track:4SzeAxQemtMGRIiQc7gNYq","Una Palabra","Carlos Varela","Carlos Varela","2000","https://i.scdn.co/image/ab67616d0000b2734686b81c5f8abe2dba60ce1b","https://p.scdn.co/mp3-preview/e30335061ea853c8e8107523debbdeabd21023a7?cid=9950ac751e34487dbbe027c4fd7f8e99","2025-03-12T02:32:38Z"
"spotify:track:0mZcwOUuq2NVkmF8Q1nPmE","Drop da style","Primaal","Primaal","2024-11-22","https://i.scdn.co/image/ab67616d0000b273f77582cbe9f6312d27e10161","https://p.scdn.co/mp3-preview/95b556216d2745d514ab5d33e93ab31f170dd518?cid=9950ac751e34487dbbe027c4fd7f8e99","2025-03-19T02:19:18Z"
"spotify:track:5O3cJPgvN1tL7hrrIZLnzG","Passinho Battant","Tambour Battant, Flavia Coelho","Tambour Battant","2019-12-06","https://i.scdn.co/image/ab67616d0000b273102a994bae8945004803c566","https://p.scdn.co/mp3-preview/15084a548e4b93d9b1a78739b4f13fb048ebc59c?cid=9950ac751e34487dbbe027c4fd7f8e99","2025-03-19T02:20:17Z"
"spotify:track:3tZOlk2oa3boJIpYmPX8Nj","The Rocky Road To Dublin","Young Dubliners","Young Dubliners","2010-02-16","https://i.scdn.co/image/ab67616d0000b273cbc0cadac45d377b7961eda1","https://p.scdn.co/mp3-preview/fd1af5b5c4f28dcf419980cbdb86cb6df1d524ed?cid=9950ac751e34487dbbe027c4fd7f8e99","2025-03-26T01:48:11Z"
"spotify:track:47KWEZnQk9l6nLCD9ItoTn","Please Stay","The Cryin Shames","Mike Patton","2013","https://i.scdn.co/image/ab67616d0000b273d7f4dc0cb6a64852001625bb","https://p.scdn.co/mp3-preview/b216e8e9b2c0b41fdf31c5e98df8a27ad7cff1e4?cid=9950ac751e34487dbbe027c4fd7f8e99","2025-04-02T01:42:29Z"
"spotify:track:1CjiDI17fGnVlobSCQGKna","Stillness and Panic","Hanne Kolstø","Hanne Kolstø","2013-11-29","https://i.scdn.co/image/ab67616d0000b273382183ca1fd8d3b003e7c59c","https://p.scdn.co/mp3-preview/10eb3c4a9d4d5c496b23896386094420b1f9f9cf?cid=9950ac751e34487dbbe027c4fd7f8e99","2025-04-09T01:54:35Z"
"spotify:track:1My2vQ69RAZLhMmRsgWa7c","People, Let's Get Together","Zach Jones","Zach Jones","2025-03-28","https://i.scdn.co/image/ab67616d0000b273546434bfe3aeb56280b76d8d","https://p.scdn.co/mp3-preview/db2936616926ee73d3a20d9fe91b19c438a8c677?cid=9950ac751e34487dbbe027c4fd7f8e99","2025-04-09T01:57:29Z"
"spotify:track:2xi3UfFCr0vmYSCZCsCKpw","Flavor","Spencer Ludwig, Grace Turner","Spencer Ludwig","2025-04-04","https://i.scdn.co/image/ab67616d0000b2735db75cc35fa93cab80158fba","https://p.scdn.co/mp3-preview/ce26409d793aa7def50cf2db37edd5f096432401?cid=9950ac751e34487dbbe027c4fd7f8e99","2025-04-09T01:58:11Z"
"spotify:track:6i0A16zbTPeVJa6eKdw6VV","Bright Moments","Bright Moments","Various Artists","2013-12-31","https://i.scdn.co/image/ab67616d0000b2731451b64ac2966d8a763a1b3f","https://p.scdn.co/mp3-preview/6246c8badd6a056c6a020cb99d8681a0e6878edc?cid=9950ac751e34487dbbe027c4fd7f8e99","2025-04-09T01:59:59Z"
"spotify:track:3RQ9YCMQWhFtKVuQQvYFTz","There Will Be Tears Pt.1","The Mandells","Various Artists","2015-06-23","https://i.scdn.co/image/ab67616d0000b2733966b685d4592a6a9ea31dc6","https://p.scdn.co/mp3-preview/5abcb2a8770638db68d66c199f855ca5dadd28e5?cid=9950ac751e34487dbbe027c4fd7f8e99","2025-04-09T02:01:15Z"
"spotify:track:58DIP1CYjtOBK8xBEJ5ptQ","Ain't No Weak Woman","Whitney Shay","Whitney Shay","2018-08-01","https://i.scdn.co/image/ab67616d0000b273a079df54c85524943002137f","https://p.scdn.co/mp3-preview/a9e03cab05df4b56637b31185a91017b409e9c82?cid=9950ac751e34487dbbe027c4fd7f8e99","2025-04-09T02:01:56Z"
"spotify:track:3gmvbwpR0n9E9RE66QGlOE","Storm Clouds Rising","The Florida Mass Choir","The Florida Mass Choir","1985-02-15","https://i.scdn.co/image/ab67616d0000b273d37b2c7dd485016c2b83337b","https://p.scdn.co/mp3-preview/467fed2e6fad8c32da78b080dbfd5e9985cc0245?cid=9950ac751e34487dbbe027c4fd7f8e99","2025-04-09T02:03:19Z"
"spotify:track:3gsCAGsWr6pUm1Vy7CPPob","Killing Me Softly With His Song","Roberta Flack","Roberta Flack","1973","https://i.scdn.co/image/ab67616d0000b273bc161bb58763f72fc71a3a01","https://p.scdn.co/mp3-preview/86f729251aeaa50bbbb8c022de6861091c0cb180?cid=9950ac751e34487dbbe027c4fd7f8e99","2025-04-16T02:00:51Z"
"spotify:track:2kRFrWaLWiKq48YYVdGcm8","Everything In Its Right Place","Radiohead","Radiohead","2000-10-02","https://i.scdn.co/image/ab67616d0000b2736c7112082b63beefffe40151","https://p.scdn.co/mp3-preview/d6d2556bf783e481173a71c460fa113832295519?cid=9950ac751e34487dbbe027c4fd7f8e99","2025-04-16T02:01:40Z"
"spotify:track:6suU8oBlW4O2pg88tOXgHo","Under Pressure","Queen, David Bowie","Queen","2018-10-19","https://i.scdn.co/image/ab67616d0000b273e8b066f70c206551210d902b","https://p.scdn.co/mp3-preview/cbb96892726093dd8fa0aadbfa9d2a9565af7ed1?cid=9950ac751e34487dbbe027c4fd7f8e99","2025-04-16T21:21:21Z"
"spotify:track:6mz1fBdKATx6qP4oP1I65G","Pony","Ginuwine","Various Artists","1999-10-08","https://i.scdn.co/image/ab67616d0000b273980caf4dd525a15f08f8cb87","https://p.scdn.co/mp3-preview/c4694c8eeac6ffc53603ae187d3d29c79c99a40d?cid=9950ac751e34487dbbe027c4fd7f8e99","2025-04-30T23:08:32Z"
"spotify:track:0KzAbK6nItSqNh8q70tb0K","Where Is My Mind?","Pixies","Pixies","1997-10-06","https://i.scdn.co/image/ab67616d0000b273b17d34882944eaf0695153f2","https://p.scdn.co/mp3-preview/8414c9d0e363c390f38e74a2fc735bb0bca666cd?cid=9950ac751e34487dbbe027c4fd7f8e99","2025-04-30T23:09:19Z"
"spotify:track:471LPSq125Za60GPDoyu1c","TEA","COBRAH","COBRAH","2019-07-29","https://i.scdn.co/image/ab67616d0000b273ac6281abf585677b8e7a8960","https://p.scdn.co/mp3-preview/74df508cd649ac0c198654c9f6ae2bf33df31e65?cid=9950ac751e34487dbbe027c4fd7f8e99","2025-06-25T01:18:22Z"
"spotify:track:7M6mfrwftRFRuSXv9O3UKL","You Need Me","Gorgeous George","Gorgeous George","2024-07-01","https://i.scdn.co/image/ab67616d0000b273787c251cfc305e5f0fc7c638","https://p.scdn.co/mp3-preview/a1232fc54d3cdcf58971041a02100e76a9b09270?cid=9950ac751e34487dbbe027c4fd7f8e99","2025-06-25T01:26:42Z"
"spotify:track:5TGWOwQ7hJFkwBDCKmkzZe","NO EVIL","SiR","SiR","2024-03-22","https://i.scdn.co/image/ab67616d0000b2736918c2542ef1c289888d9493","https://p.scdn.co/mp3-preview/ccf5e2735a666be439465d70f3d484648ae94425?cid=9950ac751e34487dbbe027c4fd7f8e99","2025-06-25T01:52:21Z"
"spotify:track:0VTr90AQLVPYwbHMe6MYUd","Altar","Dizzy Fae","Dizzy Fae","2019-06-26","https://i.scdn.co/image/ab67616d0000b27338e5aae167602214af6d46c8","https://p.scdn.co/mp3-preview/bb4c407a024fbf28a1d2735e7fdc7d05e6bdc3b0?cid=9950ac751e34487dbbe027c4fd7f8e99","2025-06-25T01:54:43Z"
"spotify:track:3pmp40HtLapVQ8L89Mz1vh","Home Is Where the Hatred Is","Gil Scott-Heron","Gil Scott-Heron","1971-01-01","https://i.scdn.co/image/ab67616d0000b273c930e4ed835b0fd546c7324f","https://p.scdn.co/mp3-preview/6dc08e14acd3a1884234e3509e9fb4db7e859f8b?cid=9950ac751e34487dbbe027c4fd7f8e99","2025-06-25T01:55:21Z"
"spotify:track:22mJsnEPXhRW7tbxl84SW6","Lonesome Heart","Harvey Connell","Harvey Connell","2024-07-01","https://i.scdn.co/image/ab67616d0000b2737b79ddfca84ddbc649dd6c78","https://p.scdn.co/mp3-preview/35a26a79078ae9840f0d46fe9405a7b63138c622?cid=9950ac751e34487dbbe027c4fd7f8e99","2025-06-25T01:57:08Z"
"spotify:track:5xRP5iyVdGglqlY4Vcjhkx","Sinnerman","Nina Simone","Nina Simone","1965-10-01","https://i.scdn.co/image/ab67616d0000b273df49506f74db624312118ca2","https://p.scdn.co/mp3-preview/51b2e01c6e3724073a2ea0fbda1d231cee9957f2?cid=9950ac751e34487dbbe027c4fd7f8e99","2025-06-25T01:57:31Z"
"spotify:track:17ZAZ24Eyh5fKqQ06u4R3d","You Oughta Know","Alanis Morissette","Alanis Morissette","2005-11-11","https://i.scdn.co/image/ab67616d0000b273d00e49003543a5bb5aa5b873","https://p.scdn.co/mp3-preview/4e42c5d59ffa8bc69c2d5a549f87a3da19b53de7?cid=9950ac751e34487dbbe027c4fd7f8e99","2025-06-25T02:17:08Z"
"spotify:track:1ks56D2sbRZXg7W6oyA1AA","Fine Line","Piwa","Piwa","2022-11-02","https://i.scdn.co/image/ab67616d0000b273c7c4dceb8655d75f79d674a1","https://p.scdn.co/mp3-preview/bbc189e2fd8cd185dfe0c33d1c0b5c65a2d73562?cid=9950ac751e34487dbbe027c4fd7f8e99","2025-06-25T02:18:43Z"
"spotify:track:2NVpYQqdraEcQwqT7GhUkh","Ain't Nobody","Chaka Khan","Chaka Khan","1996-11-08","https://i.scdn.co/image/ab67616d0000b2734c5fac07f80bad278dfbad1e","https://p.scdn.co/mp3-preview/b6edffa027765a5c5a9581da93b5c51be54dcaf6?cid=9950ac751e34487dbbe027c4fd7f8e99","2025-06-25T02:28:05Z"
"spotify:track:6nz35DNIzbtj5ztpDEcW1j","Kick, Push","Lupe Fiasco","Lupe Fiasco","2006-06-27","https://i.scdn.co/image/ab67616d0000b273a81ec0503c55850ad4687940","https://p.scdn.co/mp3-preview/b4df4dbc49975cf7449c5ac34349a07f957fbcc5?cid=9950ac751e34487dbbe027c4fd7f8e99","2025-06-25T02:36:31Z"
"spotify:track:0uzNF9xH3Zm6R7tbijkIk3","Fearmonger (feat. Daoud)","Saba, Daoud","Saba","2022-02-04","https://i.scdn.co/image/ab67616d0000b273328f39a660c26d706e7f069b","https://p.scdn.co/mp3-preview/31f2a13ff097be0d4866f0f3d379a0e377798b5c?cid=9950ac751e34487dbbe027c4fd7f8e99","2025-06-25T02:42:29Z"
"spotify:track:747drNbYVdCth5lp8niwSl","Sterilize - Male Tears Remix","Dildox, Male Tears","Dildox, Male Tears","2024-04-30","https://i.scdn.co/image/ab67616d0000b27362cc2d27c7c2b5b51e8ccea0","https://p.scdn.co/mp3-preview/658dc064d90bc9db3ba00d33a5e0ea1aa9b1057b?cid=9950ac751e34487dbbe027c4fd7f8e99","2025-06-25T02:55:48Z"
"spotify:track:4FvycjWsfRrhwuwV7OCZLf","I've Been Dreaming","Mark Kelly","Mark Kelly","2016-04-08","https://i.scdn.co/image/ab67616d0000b273146355bc6f62d40cff014650","https://p.scdn.co/mp3-preview/ac111392b1b5c7be88e8a60ba19b883ad182bd42?cid=9950ac751e34487dbbe027c4fd7f8e99","2025-06-25T02:56:51Z"
"spotify:track:6xg65VGKnf6pEIesGgPItz","Sidewalk (Soul Mix)","Lili Ray","Lili Ray","2023-08-04","https://i.scdn.co/image/ab67616d0000b27388f0cd814c00574b4df0f753","https://p.scdn.co/mp3-preview/61de41fcdc420954067bd50191455030f221bda3?cid=9950ac751e34487dbbe027c4fd7f8e99","2025-06-25T02:57:50Z"
"spotify:track:1iwXGYb4uYrRxO9mErMcj6","WICKED GYAL","BAMBII, Lady Lykez","BAMBII, Lady Lykez","2023-06-12","https://i.scdn.co/image/ab67616d0000b273a33c69eafd4fd4102247d490","https://p.scdn.co/mp3-preview/bbc77fcb4be121d7bc5b253dd3071abc0569035f?cid=9950ac751e34487dbbe027c4fd7f8e99","2025-06-25T03:01:05Z"
"spotify:track:2etHQJxIbV0soyPhelVs9Y","Best Friend (feat. Doja Cat)","Saweetie, Doja Cat","Saweetie, Doja Cat","2021-01-07","https://i.scdn.co/image/ab67616d0000b2739aeed9bbffaac4c99cc4c4d9","https://p.scdn.co/mp3-preview/a4373d337eb0f19cbf2424c0f20fb87ac862d0c8?cid=9950ac751e34487dbbe027c4fd7f8e99","2025-06-25T03:14:19Z"
"spotify:track:1GfBLbAhZUWdseuDqhocmn","Rumble","Skrillex, Fred again.., Flowdan","Skrillex, Fred again.., Flowdan","2023-01-04","https://i.scdn.co/image/ab67616d0000b273352f154c54727bc8024629bc","https://p.scdn.co/mp3-preview/eb79af9f809883de0632f02388ec354478612754?cid=9950ac751e34487dbbe027c4fd7f8e99","2025-06-25T03:44:05Z"
"spotify:track:6oyvpS9V0rRAOEJULQFa1W","Kiss The Sky - Mixed","Shawn Lee, Nino Moschella","Moodymann","2016-02-19","https://i.scdn.co/image/ab67616d0000b273a5f0e3defa4f015451a81dcb","https://p.scdn.co/mp3-preview/67f3d9ae85078e2abdfc02a5bd59d9137577fa00?cid=9950ac751e34487dbbe027c4fd7f8e99","2025-06-25T03:48:28Z"
"spotify:track:21RT5dxFmoKHu4vnxwST3c","Putting Out Fires","ELIZA","ELIZA","2018-12-12","https://i.scdn.co/image/ab67616d0000b273daec55e24fc6f409ca316bda","https://p.scdn.co/mp3-preview/fecd3040b1891974df2cd5fdd7e20d69ed522e5c?cid=9950ac751e34487dbbe027c4fd7f8e99","2025-06-25T03:52:55Z"
"spotify:track:0NPuEiLse8tUtBiBJmhQqi","Slambam","Alborosie","Alborosie","2015-02-10","https://i.scdn.co/image/49aa94c7074d26e043466095ee9b3c76a8a73bd3","https://p.scdn.co/mp3-preview/97d47969a72b8b8dfde7b19f1dc45049335a32cc?cid=9950ac751e34487dbbe027c4fd7f8e99","2025-06-25T03:55:11Z"
"spotify:track:3au3tqDfd9XJrN8nSPgiGO","Making Plays","Beatnet","Beatnet","2018-12-07","https://i.scdn.co/image/ab67616d0000b2736f6d78609568e42e7cb6676e","https://p.scdn.co/mp3-preview/534dbe9cc55ba4d552a356ecba918e7ce9453e4d?cid=9950ac751e34487dbbe027c4fd7f8e99","2025-06-25T03:56:04Z"
"spotify:track:5c0hOdlE38rbGPMGr2fi2c","Kiss the Sky","Nino Moschella, Shawn Lee's Ping Pong Orchestra","Shawn Lee's Ping Pong Orchestra, Nino Moschella","2006-11-07","https://i.scdn.co/image/ab67616d0000b273c8a8676906b5942e5e655556","https://p.scdn.co/mp3-preview/6213dc620dcdfeb79f4329ad3c22870c6fc59572?cid=9950ac751e34487dbbe027c4fd7f8e99","2025-06-25T03:57:10Z"
"spotify:track:21KzWbps9yraIoif7GFUtS","Villano","Anthony Ramos","Anthony Ramos","2023-06-02","https://i.scdn.co/image/ab67616d0000b273b363ee328766729c12348f2f","https://p.scdn.co/mp3-preview/f72beaef055ceebb3af0803983ba5ac8d3a94db9?cid=9950ac751e34487dbbe027c4fd7f8e99","2025-07-02T02:03:18Z"
"spotify:track:0oFaGC7765v7K8SZjMXO99","Shake What Your Momma Gave Ya","DJ Deeon","DJ Deeon","2003-10-01","https://i.scdn.co/image/ab67616d0000b27394ba92ba19877af663d9411b","https://p.scdn.co/mp3-preview/b22c2c480a502db30142731560825c7b2776a0b8?cid=9950ac751e34487dbbe027c4fd7f8e99","2025-07-02T02:05:18Z"
"spotify:track:0KhrWadGHo3xqxlaa3pZko","Concerto Of The Desperado","The Roots","The Roots","1996-09-24","https://i.scdn.co/image/ab67616d0000b2730d8b1d7869e62f341e528e38","https://p.scdn.co/mp3-preview/fb64cf2bceec6fcd7d562c4e8018a19098816f2a?cid=9950ac751e34487dbbe027c4fd7f8e99","2025-07-02T02:06:11Z"
"spotify:track:21z6OpNQIS9qD7xyty7OeR","Floetic","Floetry","Floetry","2002-01-01","https://i.scdn.co/image/ab67616d0000b27374ba4c0d51c93c3d8c798e86","https://p.scdn.co/mp3-preview/c5b3bdc5dcc9e86740da7e5e5dc85873bc884f82?cid=9950ac751e34487dbbe027c4fd7f8e99","2025-07-02T02:07:08Z"
"spotify:track:7otmKWoMlpWkrMnnIQHXEg","The Healer","Erykah Badu","Erykah Badu","2007-02-26","https://i.scdn.co/image/ab67616d0000b27313066c8c5df466c8a3e57ca4","https://p.scdn.co/mp3-preview/39c544c20121b7eafc9957ce706669dcd14d1553?cid=9950ac751e34487dbbe027c4fd7f8e99","2025-07-02T02:07:29Z"
"spotify:track:1aOuloxz1H1aa86BPAfdxD","FRIDA","Jamila Woods","Jamila Woods","2019-05-10","https://i.scdn.co/image/ab67616d0000b273e47744ece1bb54c123592f24","https://p.scdn.co/mp3-preview/48432de0d0d3d8307d4466e96304c3857ccabcee?cid=9950ac751e34487dbbe027c4fd7f8e99","2025-07-02T02:08:38Z"
"spotify:track:5tmrnhMxx39jnu3kjopMdP","Evil Ways","Santana","Santana","1969","https://i.scdn.co/image/ab67616d0000b273c894463d06b775f87d57361b","https://p.scdn.co/mp3-preview/a20059b1ee7e69053311c5821e64ee5fe827ad5c?cid=9950ac751e34487dbbe027c4fd7f8e99","2025-07-02T02:12:50Z"
"spotify:track:0jnwhhdmfVzf4DZrOeKSx5","Hubris","Sevdaliza","Sevdaliza","2017-04-26","https://i.scdn.co/image/ab67616d0000b2735c0d279742f9affe08c08f14","https://p.scdn.co/mp3-preview/f8affba010dac100cce2695649d0d8f3df1256f8?cid=9950ac751e34487dbbe027c4fd7f8e99","2025-07-02T03:03:26Z"
"spotify:track:5lRsEuEmeqOUVoklpjEzqq","Amends","Max Mill","Max Mill","2024-06-20","https://i.scdn.co/image/ab67616d0000b27312e74cc06eb3242742188e4b","https://p.scdn.co/mp3-preview/b704f08e47d34df88b0791ee079f5e6ad1816cd5?cid=9950ac751e34487dbbe027c4fd7f8e99","2025-07-02T03:04:22Z"
"spotify:track:6Y68tpecRvMBKsuAeH5QU1","All Nite Affair","La Voyage","Various Artists","2021-09-17","https://i.scdn.co/image/ab67616d0000b273e89e7f4aa51d324d94e616f5","https://p.scdn.co/mp3-preview/452cbe7206885ddb95ef60c79c9547b68c72b0a7?cid=9950ac751e34487dbbe027c4fd7f8e99","2025-07-02T03:04:58Z"
"spotify:track:5a5FhtQfiBzFuIkbwjHbr7","Brown Skin Girl","Leon Bridges","Leon Bridges","2015-06-23","https://i.scdn.co/image/ab67616d0000b273a8df0c930a741d6f49cc3f8d","https://p.scdn.co/mp3-preview/d2914d6c628e0b37a5fc803a22fec0dbdc6b46a0?cid=9950ac751e34487dbbe027c4fd7f8e99","2025-07-02T03:05:25Z"
"spotify:track:7d23MhPFE9eB3U8DPRirnL","Disparate Youth","Santigold","Santigold","2012-04-16","https://i.scdn.co/image/ab67616d0000b27381a3294d8cb52667c8701e6f","https://p.scdn.co/mp3-preview/12c048834f5a2b36c51f85fd8e2fda9aa2cb7486?cid=9950ac751e34487dbbe027c4fd7f8e99","2025-07-02T03:06:01Z"
"spotify:track:5Ex1oarGH0bwPucwCGcsmq","Disparate Youth - Amateur Best Remix","Santigold","Santigold","2012-03-09","https://i.scdn.co/image/ab67616d0000b2737df17053329bfa5c7e641ae4","https://p.scdn.co/mp3-preview/0c7aa09501d2fd7add4b9700bccf694711531fee?cid=9950ac751e34487dbbe027c4fd7f8e99","2025-07-02T03:06:15Z"
"spotify:track:6Dq2LzijkY9WNPwBGDah4L","Didn't I","Darondo","Darondo","2005-01-24","https://i.scdn.co/image/ab67616d0000b2733d0128eee321aae2467aec37","https://p.scdn.co/mp3-preview/1b64b17537a84fdf1bc42c7b6b1b072b233c4a2e?cid=9950ac751e34487dbbe027c4fd7f8e99","2025-07-02T03:42:36Z"
"spotify:track:5myhxurOhMaIi8jAbT5Wgy","Confessions","Sudan Archives","Sudan Archives","2019-11-01","https://i.scdn.co/image/ab67616d0000b273f95911d7e35c1d5d9438d3ca","https://p.scdn.co/mp3-preview/61bd6d401152e919aad69d2a8f05d60fd44c7a9a?cid=9950ac751e34487dbbe027c4fd7f8e99","2025-07-02T03:43:15Z"
